Domain end (aa),Domain length (aa),Domain start (aa),Gene Description,Gene ID,Gene end (bp),Gene start (bp),Protein Domain,TranscriptID,Transcription Factor,allele freq,consequence,variant
505,486,19,activating transcription factor 2 [Source:HGNC Symbol;Acc:HGNC:784],ENSG00000115966,175168382,175072250,"Transcription factor cyclic AMP-dependent, CRE-BP1-type",ENST00000264110,ATF2-201,9.8578498058e-06,synonymous_variant,p.Gln501Gln
505,486,19,activating transcription factor 2 [Source:HGNC Symbol;Acc:HGNC:784],ENSG00000115966,175168382,175072250,"Transcription factor cyclic AMP-dependent, CRE-BP1-type",ENST00000264110,ATF2-201,1.84331797235e-05,synonymous_variant,p.Ser498Ser
505,486,19,activating transcription factor 2 [Source:HGNC Symbol;Acc:HGNC:784],ENSG00000115966,175168382,175072250,"Transcription factor cyclic AMP-dependent, CRE-BP1-type",ENST00000264110,ATF2-201,1.70070919573e-05,stop_gained,p.Gln491Ter
505,486,19,activating transcription factor 2 [Source:HGNC Symbol;Acc:HGNC:784],ENSG00000115966,175168382,175072250,"Transcription factor cyclic AMP-dependent, CRE-BP1-type",ENST00000264110,ATF2-201,1.66844634277e-05,synonymous_variant,p.Ala481Ala
505,486,19,activating transcription factor 2 [Source:HGNC Symbol;Acc:HGNC:784],ENSG00000115966,175168382,175072250,"Transcription factor cyclic AMP-dependent, CRE-BP1-type",ENST00000264110,ATF2-201,8.29971946948e-06,synonymous_variant,p.Thr474Thr
505,486,19,activating transcription factor 2 [Source:HGNC Symbol;Acc:HGNC:784],ENSG00000115966,175168382,175072250,"Transcription factor cyclic AMP-dependent, CRE-BP1-type",ENST00000264110,ATF2-201,8.27006731835e-06,synonymous_variant,p.Val457Val
505,486,19,activating transcription factor 2 [Source:HGNC Symbol;Acc:HGNC:784],ENSG00000115966,175168382,175072250,"Transcription factor cyclic AMP-dependent, CRE-BP1-type",ENST00000264110,ATF2-201,4.13441820467e-05,synonymous_variant,p.Pro444Pro
505,486,19,activating transcription factor 2 [Source:HGNC Symbol;Acc:HGNC:784],ENSG00000115966,175168382,175072250,"Transcription factor cyclic AMP-dependent, CRE-BP1-type",ENST00000264110,ATF2-201,8.26828945628e-06,synonymous_variant,p.Val443Val
505,486,19,activating transcription factor 2 [Source:HGNC Symbol;Acc:HGNC:784],ENSG00000115966,175168382,175072250,"Transcription factor cyclic AMP-dependent, CRE-BP1-type",ENST00000264110,ATF2-201,0.00174521513292,synonymous_variant,p.Asp440Asp
505,486,19,activating transcription factor 2 [Source:HGNC Symbol;Acc:HGNC:784],ENSG00000115966,175168382,175072250,"Transcription factor cyclic AMP-dependent, CRE-BP1-type",ENST00000264110,ATF2-201,8.29269910771e-06,synonymous_variant,p.Lys434Lys
505,486,19,activating transcription factor 2 [Source:HGNC Symbol;Acc:HGNC:784],ENSG00000115966,175168382,175072250,"Transcription factor cyclic AMP-dependent, CRE-BP1-type",ENST00000264110,ATF2-201,4.15247902998e-05,synonymous_variant,p.Asp433Asp
505,486,19,activating transcription factor 2 [Source:HGNC Symbol;Acc:HGNC:784],ENSG00000115966,175168382,175072250,"Transcription factor cyclic AMP-dependent, CRE-BP1-type",ENST00000264110,ATF2-201,4.95098524606e-05,synonymous_variant,p.Thr421Thr
505,486,19,activating transcription factor 2 [Source:HGNC Symbol;Acc:HGNC:784],ENSG00000115966,175168382,175072250,"Transcription factor cyclic AMP-dependent, CRE-BP1-type",ENST00000264110,ATF2-201,2.47451252103e-05,synonymous_variant,p.His415His
505,486,19,activating transcription factor 2 [Source:HGNC Symbol;Acc:HGNC:784],ENSG00000115966,175168382,175072250,"Transcription factor cyclic AMP-dependent, CRE-BP1-type",ENST00000264110,ATF2-201,7.4240274524e-05,synonymous_variant,p.Leu411Leu
505,486,19,activating transcription factor 2 [Source:HGNC Symbol;Acc:HGNC:784],ENSG00000115966,175168382,175072250,"Transcription factor cyclic AMP-dependent, CRE-BP1-type",ENST00000264110,ATF2-201,7.41485277398e-05,synonymous_variant,p.Ser389Ser
505,486,19,activating transcription factor 2 [Source:HGNC Symbol;Acc:HGNC:784],ENSG00000115966,175168382,175072250,"Transcription factor cyclic AMP-dependent, CRE-BP1-type",ENST00000264110,ATF2-201,8.23818232745e-06,synonymous_variant,p.Glu381Glu
505,486,19,activating transcription factor 2 [Source:HGNC Symbol;Acc:HGNC:784],ENSG00000115966,175168382,175072250,"Transcription factor cyclic AMP-dependent, CRE-BP1-type",ENST00000264110,ATF2-201,1.64758217316e-05,synonymous_variant,p.Gln371Gln
505,486,19,activating transcription factor 2 [Source:HGNC Symbol;Acc:HGNC:784],ENSG00000115966,175168382,175072250,"Transcription factor cyclic AMP-dependent, CRE-BP1-type",ENST00000264110,ATF2-201,8.24878330446e-06,synonymous_variant,p.Glu353Glu
505,486,19,activating transcription factor 2 [Source:HGNC Symbol;Acc:HGNC:784],ENSG00000115966,175168382,175072250,"Transcription factor cyclic AMP-dependent, CRE-BP1-type",ENST00000264110,ATF2-201,0.00175061932287,synonymous_variant,p.Asn348Asn
505,486,19,activating transcription factor 2 [Source:HGNC Symbol;Acc:HGNC:784],ENSG00000115966,175168382,175072250,"Transcription factor cyclic AMP-dependent, CRE-BP1-type",ENST00000264110,ATF2-201,8.2740360748e-06,synonymous_variant,p.Arg345Arg
505,486,19,activating transcription factor 2 [Source:HGNC Symbol;Acc:HGNC:784],ENSG00000115966,175168382,175072250,"Transcription factor cyclic AMP-dependent, CRE-BP1-type",ENST00000264110,ATF2-201,1.65749519326e-05,synonymous_variant,p.Arg342Arg
505,486,19,activating transcription factor 2 [Source:HGNC Symbol;Acc:HGNC:784],ENSG00000115966,175168382,175072250,"Transcription factor cyclic AMP-dependent, CRE-BP1-type",ENST00000264110,ATF2-201,5.86195923426e-05,synonymous_variant,p.Thr336Thr
505,486,19,activating transcription factor 2 [Source:HGNC Symbol;Acc:HGNC:784],ENSG00000115966,175168382,175072250,"Transcription factor cyclic AMP-dependent, CRE-BP1-type",ENST00000264110,ATF2-201,8.45179938809e-06,synonymous_variant,p.Pro334Pro
505,486,19,activating transcription factor 2 [Source:HGNC Symbol;Acc:HGNC:784],ENSG00000115966,175168382,175072250,"Transcription factor cyclic AMP-dependent, CRE-BP1-type",ENST00000264110,ATF2-201,4.11915903249e-05,synonymous_variant,p.Ala319Ala
505,486,19,activating transcription factor 2 [Source:HGNC Symbol;Acc:HGNC:784],ENSG00000115966,175168382,175072250,"Transcription factor cyclic AMP-dependent, CRE-BP1-type",ENST00000264110,ATF2-201,3.29739176312e-05,synonymous_variant,p.Pro318Pro
505,486,19,activating transcription factor 2 [Source:HGNC Symbol;Acc:HGNC:784],ENSG00000115966,175168382,175072250,"Transcription factor cyclic AMP-dependent, CRE-BP1-type",ENST00000264110,ATF2-201,8.23953990409e-06,synonymous_variant,p.Leu315Leu
505,486,19,activating transcription factor 2 [Source:HGNC Symbol;Acc:HGNC:784],ENSG00000115966,175168382,175072250,"Transcription factor cyclic AMP-dependent, CRE-BP1-type",ENST00000264110,ATF2-201,5.76786803118e-05,synonymous_variant,p.Pro312Pro
505,486,19,activating transcription factor 2 [Source:HGNC Symbol;Acc:HGNC:784],ENSG00000115966,175168382,175072250,"Transcription factor cyclic AMP-dependent, CRE-BP1-type",ENST00000264110,ATF2-201,4.11990573656e-05,synonymous_variant,p.Pro312Pro
505,486,19,activating transcription factor 2 [Source:HGNC Symbol;Acc:HGNC:784],ENSG00000115966,175168382,175072250,"Transcription factor cyclic AMP-dependent, CRE-BP1-type",ENST00000264110,ATF2-201,1.64798945287e-05,synonymous_variant,p.Arg311Arg
505,486,19,activating transcription factor 2 [Source:HGNC Symbol;Acc:HGNC:784],ENSG00000115966,175168382,175072250,"Transcription factor cyclic AMP-dependent, CRE-BP1-type",ENST00000264110,ATF2-201,8.24049047399e-06,stop_gained,p.Arg311Ter
505,486,19,activating transcription factor 2 [Source:HGNC Symbol;Acc:HGNC:784],ENSG00000115966,175168382,175072250,"Transcription factor cyclic AMP-dependent, CRE-BP1-type",ENST00000264110,ATF2-201,8.24103375527e-06,synonymous_variant,p.Val303Val
505,486,19,activating transcription factor 2 [Source:HGNC Symbol;Acc:HGNC:784],ENSG00000115966,175168382,175072250,"Transcription factor cyclic AMP-dependent, CRE-BP1-type",ENST00000264110,ATF2-201,8.24089792824e-06,synonymous_variant,p.Leu302Leu
505,486,19,activating transcription factor 2 [Source:HGNC Symbol;Acc:HGNC:784],ENSG00000115966,175168382,175072250,"Transcription factor cyclic AMP-dependent, CRE-BP1-type",ENST00000264110,ATF2-201,1.64823391736e-05,synonymous_variant,p.Gly301Gly
505,486,19,activating transcription factor 2 [Source:HGNC Symbol;Acc:HGNC:784],ENSG00000115966,175168382,175072250,"Transcription factor cyclic AMP-dependent, CRE-BP1-type",ENST00000264110,ATF2-201,8.24497468793e-06,synonymous_variant,p.Pro288Pro
505,486,19,activating transcription factor 2 [Source:HGNC Symbol;Acc:HGNC:784],ENSG00000115966,175168382,175072250,"Transcription factor cyclic AMP-dependent, CRE-BP1-type",ENST00000264110,ATF2-201,8.24021886021e-06,stop_gained,p.Gln271Ter
505,486,19,activating transcription factor 2 [Source:HGNC Symbol;Acc:HGNC:784],ENSG00000115966,175168382,175072250,"Transcription factor cyclic AMP-dependent, CRE-BP1-type",ENST00000264110,ATF2-201,1.64790798082e-05,synonymous_variant,p.Gln268Gln
505,486,19,activating transcription factor 2 [Source:HGNC Symbol;Acc:HGNC:784],ENSG00000115966,175168382,175072250,"Transcription factor cyclic AMP-dependent, CRE-BP1-type",ENST00000264110,ATF2-201,3.29543582139e-05,synonymous_variant,p.Pro262Pro
505,486,19,activating transcription factor 2 [Source:HGNC Symbol;Acc:HGNC:784],ENSG00000115966,175168382,175072250,"Transcription factor cyclic AMP-dependent, CRE-BP1-type",ENST00000264110,ATF2-201,8.23845380699e-06,synonymous_variant,p.Ile261Ile
505,486,19,activating transcription factor 2 [Source:HGNC Symbol;Acc:HGNC:784],ENSG00000115966,175168382,175072250,"Transcription factor cyclic AMP-dependent, CRE-BP1-type",ENST00000264110,ATF2-201,3.2963591713e-05,synonymous_variant,p.Thr253Thr
505,486,19,activating transcription factor 2 [Source:HGNC Symbol;Acc:HGNC:784],ENSG00000115966,175168382,175072250,"Transcription factor cyclic AMP-dependent, CRE-BP1-type",ENST00000264110,ATF2-201,8.24388715767e-06,synonymous_variant,p.Arg250Arg
505,486,19,activating transcription factor 2 [Source:HGNC Symbol;Acc:HGNC:784],ENSG00000115966,175168382,175072250,"Transcription factor cyclic AMP-dependent, CRE-BP1-type",ENST00000264110,ATF2-201,8.24008306004e-06,synonymous_variant,p.Ala244Ala
505,486,19,activating transcription factor 2 [Source:HGNC Symbol;Acc:HGNC:784],ENSG00000115966,175168382,175072250,"Transcription factor cyclic AMP-dependent, CRE-BP1-type",ENST00000264110,ATF2-201,8.23845380699e-06,synonymous_variant,p.His241His
505,486,19,activating transcription factor 2 [Source:HGNC Symbol;Acc:HGNC:784],ENSG00000115966,175168382,175072250,"Transcription factor cyclic AMP-dependent, CRE-BP1-type",ENST00000264110,ATF2-201,8.23723228995e-06,synonymous_variant,p.Ser194Ser
505,486,19,activating transcription factor 2 [Source:HGNC Symbol;Acc:HGNC:784],ENSG00000115966,175168382,175072250,"Transcription factor cyclic AMP-dependent, CRE-BP1-type",ENST00000264110,ATF2-201,8.23709658819e-06,synonymous_variant,p.Thr193Thr
505,486,19,activating transcription factor 2 [Source:HGNC Symbol;Acc:HGNC:784],ENSG00000115966,175168382,175072250,"Transcription factor cyclic AMP-dependent, CRE-BP1-type",ENST00000264110,ATF2-201,8.23641814648e-06,synonymous_variant,p.Ala188Ala
505,486,19,activating transcription factor 2 [Source:HGNC Symbol;Acc:HGNC:784],ENSG00000115966,175168382,175072250,"Transcription factor cyclic AMP-dependent, CRE-BP1-type",ENST00000264110,ATF2-201,8.23668950975e-06,synonymous_variant,p.Asp180Asp
505,486,19,activating transcription factor 2 [Source:HGNC Symbol;Acc:HGNC:784],ENSG00000115966,175168382,175072250,"Transcription factor cyclic AMP-dependent, CRE-BP1-type",ENST00000264110,ATF2-201,8.2368251981e-06,synonymous_variant,p.Ser179Ser
505,486,19,activating transcription factor 2 [Source:HGNC Symbol;Acc:HGNC:784],ENSG00000115966,175168382,175072250,"Transcription factor cyclic AMP-dependent, CRE-BP1-type",ENST00000264110,ATF2-201,3.2946758039e-05,synonymous_variant,p.Thr177Thr
505,486,19,activating transcription factor 2 [Source:HGNC Symbol;Acc:HGNC:784],ENSG00000115966,175168382,175072250,"Transcription factor cyclic AMP-dependent, CRE-BP1-type",ENST00000264110,ATF2-201,8.23668950975e-06,synonymous_variant,p.Leu175Leu
505,486,19,activating transcription factor 2 [Source:HGNC Symbol;Acc:HGNC:784],ENSG00000115966,175168382,175072250,"Transcription factor cyclic AMP-dependent, CRE-BP1-type",ENST00000264110,ATF2-201,8.23709658819e-06,synonymous_variant,p.Asn173Asn
505,486,19,activating transcription factor 2 [Source:HGNC Symbol;Acc:HGNC:784],ENSG00000115966,175168382,175072250,"Transcription factor cyclic AMP-dependent, CRE-BP1-type",ENST00000264110,ATF2-201,1.64744645799e-05,synonymous_variant,p.Leu169Leu
505,486,19,activating transcription factor 2 [Source:HGNC Symbol;Acc:HGNC:784],ENSG00000115966,175168382,175072250,"Transcription factor cyclic AMP-dependent, CRE-BP1-type",ENST00000264110,ATF2-201,8.23723228995e-06,synonymous_variant,p.Ser168Ser
505,486,19,activating transcription factor 2 [Source:HGNC Symbol;Acc:HGNC:784],ENSG00000115966,175168382,175072250,"Transcription factor cyclic AMP-dependent, CRE-BP1-type",ENST00000264110,ATF2-201,8.23736799618e-06,synonymous_variant,p.Ala167Ala
505,486,19,activating transcription factor 2 [Source:HGNC Symbol;Acc:HGNC:784],ENSG00000115966,175168382,175072250,"Transcription factor cyclic AMP-dependent, CRE-BP1-type",ENST00000264110,ATF2-201,8.23763942205e-06,synonymous_variant,p.Pro166Pro
505,486,19,activating transcription factor 2 [Source:HGNC Symbol;Acc:HGNC:784],ENSG00000115966,175168382,175072250,"Transcription factor cyclic AMP-dependent, CRE-BP1-type",ENST00000264110,ATF2-201,8.24347940779e-06,synonymous_variant,p.Ala157Ala
505,486,19,activating transcription factor 2 [Source:HGNC Symbol;Acc:HGNC:784],ENSG00000115966,175168382,175072250,"Transcription factor cyclic AMP-dependent, CRE-BP1-type",ENST00000264110,ATF2-201,8.24565454006e-06,synonymous_variant,p.Gln155Gln
505,486,19,activating transcription factor 2 [Source:HGNC Symbol;Acc:HGNC:784],ENSG00000115966,175168382,175072250,"Transcription factor cyclic AMP-dependent, CRE-BP1-type",ENST00000264110,ATF2-201,8.25668378552e-06,synonymous_variant,p.Pro152Pro
505,486,19,activating transcription factor 2 [Source:HGNC Symbol;Acc:HGNC:784],ENSG00000115966,175168382,175072250,"Transcription factor cyclic AMP-dependent, CRE-BP1-type",ENST00000264110,ATF2-201,8.29366198351e-06,synonymous_variant,p.Thr145Thr
505,486,19,activating transcription factor 2 [Source:HGNC Symbol;Acc:HGNC:784],ENSG00000115966,175168382,175072250,"Transcription factor cyclic AMP-dependent, CRE-BP1-type",ENST00000264110,ATF2-201,7.44453819048e-05,synonymous_variant,p.Gln134Gln
505,486,19,activating transcription factor 2 [Source:HGNC Symbol;Acc:HGNC:784],ENSG00000115966,175168382,175072250,"Transcription factor cyclic AMP-dependent, CRE-BP1-type",ENST00000264110,ATF2-201,5.79287972327e-05,synonymous_variant,p.Glu125Glu
505,486,19,activating transcription factor 2 [Source:HGNC Symbol;Acc:HGNC:784],ENSG00000115966,175168382,175072250,"Transcription factor cyclic AMP-dependent, CRE-BP1-type",ENST00000264110,ATF2-201,0.000509393562647,synonymous_variant,p.Ala89Ala
505,486,19,activating transcription factor 2 [Source:HGNC Symbol;Acc:HGNC:784],ENSG00000115966,175168382,175072250,"Transcription factor cyclic AMP-dependent, CRE-BP1-type",ENST00000264110,ATF2-201,8.6337891974e-06,synonymous_variant,p.Ala89Ala
505,486,19,activating transcription factor 2 [Source:HGNC Symbol;Acc:HGNC:784],ENSG00000115966,175168382,175072250,"Transcription factor cyclic AMP-dependent, CRE-BP1-type",ENST00000264110,ATF2-201,8.61074276267e-06,synonymous_variant,p.Glu87Glu
505,486,19,activating transcription factor 2 [Source:HGNC Symbol;Acc:HGNC:784],ENSG00000115966,175168382,175072250,"Transcription factor cyclic AMP-dependent, CRE-BP1-type",ENST00000264110,ATF2-201,8.58162844981e-06,synonymous_variant,p.Glu81Glu
505,486,19,activating transcription factor 2 [Source:HGNC Symbol;Acc:HGNC:784],ENSG00000115966,175168382,175072250,"Transcription factor cyclic AMP-dependent, CRE-BP1-type",ENST00000264110,ATF2-201,8.57603512744e-06,synonymous_variant,p.Leu76Leu
505,486,19,activating transcription factor 2 [Source:HGNC Symbol;Acc:HGNC:784],ENSG00000115966,175168382,175072250,"Transcription factor cyclic AMP-dependent, CRE-BP1-type",ENST00000264110,ATF2-201,8.41807529127e-05,splice_donor_variant,c.199+2T>G
505,486,19,activating transcription factor 2 [Source:HGNC Symbol;Acc:HGNC:784],ENSG00000115966,175168382,175072250,"Transcription factor cyclic AMP-dependent, CRE-BP1-type",ENST00000264110,ATF2-201,8.29792883696e-06,frameshift_variant,p.Ala58GlyfsTer3
505,486,19,activating transcription factor 2 [Source:HGNC Symbol;Acc:HGNC:784],ENSG00000115966,175168382,175072250,"Transcription factor cyclic AMP-dependent, CRE-BP1-type",ENST00000264110,ATF2-201,8.29393713196e-06,synonymous_variant,p.Ala43Ala
505,486,19,activating transcription factor 2 [Source:HGNC Symbol;Acc:HGNC:784],ENSG00000115966,175168382,175072250,"Transcription factor cyclic AMP-dependent, CRE-BP1-type",ENST00000264110,ATF2-201,1.66317400126e-05,synonymous_variant,p.Asn38Asn
505,486,19,activating transcription factor 2 [Source:HGNC Symbol;Acc:HGNC:784],ENSG00000115966,175168382,175072250,"Transcription factor cyclic AMP-dependent, CRE-BP1-type",ENST00000264110,ATF2-201,8.3013730471e-06,synonymous_variant,p.Ala29Ala
505,486,19,activating transcription factor 2 [Source:HGNC Symbol;Acc:HGNC:784],ENSG00000115966,175168382,175072250,"Transcription factor cyclic AMP-dependent, CRE-BP1-type",ENST00000264110,ATF2-201,3.3130135171e-05,synonymous_variant,p.Leu26Leu
505,486,19,activating transcription factor 2 [Source:HGNC Symbol;Acc:HGNC:784],ENSG00000115966,175168382,175072250,"Transcription factor cyclic AMP-dependent, CRE-BP1-type",ENST00000264110,ATF2-201,8.2725302361e-06,synonymous_variant,p.Lys23Lys
505,486,19,activating transcription factor 2 [Source:HGNC Symbol;Acc:HGNC:784],ENSG00000115966,175168382,175072250,,ENST00000264110,ATF2-201,9.8578498058e-06,synonymous_variant,p.Gln501Gln
505,486,19,activating transcription factor 2 [Source:HGNC Symbol;Acc:HGNC:784],ENSG00000115966,175168382,175072250,,ENST00000264110,ATF2-201,1.84331797235e-05,synonymous_variant,p.Ser498Ser
505,486,19,activating transcription factor 2 [Source:HGNC Symbol;Acc:HGNC:784],ENSG00000115966,175168382,175072250,,ENST00000264110,ATF2-201,1.70070919573e-05,stop_gained,p.Gln491Ter
505,486,19,activating transcription factor 2 [Source:HGNC Symbol;Acc:HGNC:784],ENSG00000115966,175168382,175072250,,ENST00000264110,ATF2-201,1.66844634277e-05,synonymous_variant,p.Ala481Ala
505,486,19,activating transcription factor 2 [Source:HGNC Symbol;Acc:HGNC:784],ENSG00000115966,175168382,175072250,,ENST00000264110,ATF2-201,8.29971946948e-06,synonymous_variant,p.Thr474Thr
505,486,19,activating transcription factor 2 [Source:HGNC Symbol;Acc:HGNC:784],ENSG00000115966,175168382,175072250,,ENST00000264110,ATF2-201,8.27006731835e-06,synonymous_variant,p.Val457Val
505,486,19,activating transcription factor 2 [Source:HGNC Symbol;Acc:HGNC:784],ENSG00000115966,175168382,175072250,,ENST00000264110,ATF2-201,4.13441820467e-05,synonymous_variant,p.Pro444Pro
505,486,19,activating transcription factor 2 [Source:HGNC Symbol;Acc:HGNC:784],ENSG00000115966,175168382,175072250,,ENST00000264110,ATF2-201,8.26828945628e-06,synonymous_variant,p.Val443Val
505,486,19,activating transcription factor 2 [Source:HGNC Symbol;Acc:HGNC:784],ENSG00000115966,175168382,175072250,,ENST00000264110,ATF2-201,0.00174521513292,synonymous_variant,p.Asp440Asp
505,486,19,activating transcription factor 2 [Source:HGNC Symbol;Acc:HGNC:784],ENSG00000115966,175168382,175072250,,ENST00000264110,ATF2-201,8.29269910771e-06,synonymous_variant,p.Lys434Lys
505,486,19,activating transcription factor 2 [Source:HGNC Symbol;Acc:HGNC:784],ENSG00000115966,175168382,175072250,,ENST00000264110,ATF2-201,4.15247902998e-05,synonymous_variant,p.Asp433Asp
505,486,19,activating transcription factor 2 [Source:HGNC Symbol;Acc:HGNC:784],ENSG00000115966,175168382,175072250,,ENST00000264110,ATF2-201,4.95098524606e-05,synonymous_variant,p.Thr421Thr
505,486,19,activating transcription factor 2 [Source:HGNC Symbol;Acc:HGNC:784],ENSG00000115966,175168382,175072250,,ENST00000264110,ATF2-201,2.47451252103e-05,synonymous_variant,p.His415His
505,486,19,activating transcription factor 2 [Source:HGNC Symbol;Acc:HGNC:784],ENSG00000115966,175168382,175072250,,ENST00000264110,ATF2-201,7.4240274524e-05,synonymous_variant,p.Leu411Leu
505,486,19,activating transcription factor 2 [Source:HGNC Symbol;Acc:HGNC:784],ENSG00000115966,175168382,175072250,,ENST00000264110,ATF2-201,7.41485277398e-05,synonymous_variant,p.Ser389Ser
505,486,19,activating transcription factor 2 [Source:HGNC Symbol;Acc:HGNC:784],ENSG00000115966,175168382,175072250,,ENST00000264110,ATF2-201,8.23818232745e-06,synonymous_variant,p.Glu381Glu
505,486,19,activating transcription factor 2 [Source:HGNC Symbol;Acc:HGNC:784],ENSG00000115966,175168382,175072250,,ENST00000264110,ATF2-201,1.64758217316e-05,synonymous_variant,p.Gln371Gln
505,486,19,activating transcription factor 2 [Source:HGNC Symbol;Acc:HGNC:784],ENSG00000115966,175168382,175072250,,ENST00000264110,ATF2-201,8.24878330446e-06,synonymous_variant,p.Glu353Glu
505,486,19,activating transcription factor 2 [Source:HGNC Symbol;Acc:HGNC:784],ENSG00000115966,175168382,175072250,,ENST00000264110,ATF2-201,0.00175061932287,synonymous_variant,p.Asn348Asn
505,486,19,activating transcription factor 2 [Source:HGNC Symbol;Acc:HGNC:784],ENSG00000115966,175168382,175072250,,ENST00000264110,ATF2-201,8.2740360748e-06,synonymous_variant,p.Arg345Arg
505,486,19,activating transcription factor 2 [Source:HGNC Symbol;Acc:HGNC:784],ENSG00000115966,175168382,175072250,,ENST00000264110,ATF2-201,1.65749519326e-05,synonymous_variant,p.Arg342Arg
505,486,19,activating transcription factor 2 [Source:HGNC Symbol;Acc:HGNC:784],ENSG00000115966,175168382,175072250,,ENST00000264110,ATF2-201,5.86195923426e-05,synonymous_variant,p.Thr336Thr
505,486,19,activating transcription factor 2 [Source:HGNC Symbol;Acc:HGNC:784],ENSG00000115966,175168382,175072250,,ENST00000264110,ATF2-201,8.45179938809e-06,synonymous_variant,p.Pro334Pro
505,486,19,activating transcription factor 2 [Source:HGNC Symbol;Acc:HGNC:784],ENSG00000115966,175168382,175072250,,ENST00000264110,ATF2-201,4.11915903249e-05,synonymous_variant,p.Ala319Ala
505,486,19,activating transcription factor 2 [Source:HGNC Symbol;Acc:HGNC:784],ENSG00000115966,175168382,175072250,,ENST00000264110,ATF2-201,3.29739176312e-05,synonymous_variant,p.Pro318Pro
505,486,19,activating transcription factor 2 [Source:HGNC Symbol;Acc:HGNC:784],ENSG00000115966,175168382,175072250,,ENST00000264110,ATF2-201,8.23953990409e-06,synonymous_variant,p.Leu315Leu
505,486,19,activating transcription factor 2 [Source:HGNC Symbol;Acc:HGNC:784],ENSG00000115966,175168382,175072250,,ENST00000264110,ATF2-201,5.76786803118e-05,synonymous_variant,p.Pro312Pro
505,486,19,activating transcription factor 2 [Source:HGNC Symbol;Acc:HGNC:784],ENSG00000115966,175168382,175072250,,ENST00000264110,ATF2-201,4.11990573656e-05,synonymous_variant,p.Pro312Pro
505,486,19,activating transcription factor 2 [Source:HGNC Symbol;Acc:HGNC:784],ENSG00000115966,175168382,175072250,,ENST00000264110,ATF2-201,1.64798945287e-05,synonymous_variant,p.Arg311Arg
505,486,19,activating transcription factor 2 [Source:HGNC Symbol;Acc:HGNC:784],ENSG00000115966,175168382,175072250,,ENST00000264110,ATF2-201,8.24049047399e-06,stop_gained,p.Arg311Ter
505,486,19,activating transcription factor 2 [Source:HGNC Symbol;Acc:HGNC:784],ENSG00000115966,175168382,175072250,,ENST00000264110,ATF2-201,8.24103375527e-06,synonymous_variant,p.Val303Val
505,486,19,activating transcription factor 2 [Source:HGNC Symbol;Acc:HGNC:784],ENSG00000115966,175168382,175072250,,ENST00000264110,ATF2-201,8.24089792824e-06,synonymous_variant,p.Leu302Leu
505,486,19,activating transcription factor 2 [Source:HGNC Symbol;Acc:HGNC:784],ENSG00000115966,175168382,175072250,,ENST00000264110,ATF2-201,1.64823391736e-05,synonymous_variant,p.Gly301Gly
505,486,19,activating transcription factor 2 [Source:HGNC Symbol;Acc:HGNC:784],ENSG00000115966,175168382,175072250,,ENST00000264110,ATF2-201,8.24497468793e-06,synonymous_variant,p.Pro288Pro
505,486,19,activating transcription factor 2 [Source:HGNC Symbol;Acc:HGNC:784],ENSG00000115966,175168382,175072250,,ENST00000264110,ATF2-201,8.24021886021e-06,stop_gained,p.Gln271Ter
505,486,19,activating transcription factor 2 [Source:HGNC Symbol;Acc:HGNC:784],ENSG00000115966,175168382,175072250,,ENST00000264110,ATF2-201,1.64790798082e-05,synonymous_variant,p.Gln268Gln
505,486,19,activating transcription factor 2 [Source:HGNC Symbol;Acc:HGNC:784],ENSG00000115966,175168382,175072250,,ENST00000264110,ATF2-201,3.29543582139e-05,synonymous_variant,p.Pro262Pro
505,486,19,activating transcription factor 2 [Source:HGNC Symbol;Acc:HGNC:784],ENSG00000115966,175168382,175072250,,ENST00000264110,ATF2-201,8.23845380699e-06,synonymous_variant,p.Ile261Ile
505,486,19,activating transcription factor 2 [Source:HGNC Symbol;Acc:HGNC:784],ENSG00000115966,175168382,175072250,,ENST00000264110,ATF2-201,3.2963591713e-05,synonymous_variant,p.Thr253Thr
505,486,19,activating transcription factor 2 [Source:HGNC Symbol;Acc:HGNC:784],ENSG00000115966,175168382,175072250,,ENST00000264110,ATF2-201,8.24388715767e-06,synonymous_variant,p.Arg250Arg
505,486,19,activating transcription factor 2 [Source:HGNC Symbol;Acc:HGNC:784],ENSG00000115966,175168382,175072250,,ENST00000264110,ATF2-201,8.24008306004e-06,synonymous_variant,p.Ala244Ala
505,486,19,activating transcription factor 2 [Source:HGNC Symbol;Acc:HGNC:784],ENSG00000115966,175168382,175072250,,ENST00000264110,ATF2-201,8.23845380699e-06,synonymous_variant,p.His241His
505,486,19,activating transcription factor 2 [Source:HGNC Symbol;Acc:HGNC:784],ENSG00000115966,175168382,175072250,,ENST00000264110,ATF2-201,8.23723228995e-06,synonymous_variant,p.Ser194Ser
505,486,19,activating transcription factor 2 [Source:HGNC Symbol;Acc:HGNC:784],ENSG00000115966,175168382,175072250,,ENST00000264110,ATF2-201,8.23709658819e-06,synonymous_variant,p.Thr193Thr
505,486,19,activating transcription factor 2 [Source:HGNC Symbol;Acc:HGNC:784],ENSG00000115966,175168382,175072250,,ENST00000264110,ATF2-201,8.23641814648e-06,synonymous_variant,p.Ala188Ala
505,486,19,activating transcription factor 2 [Source:HGNC Symbol;Acc:HGNC:784],ENSG00000115966,175168382,175072250,,ENST00000264110,ATF2-201,8.23668950975e-06,synonymous_variant,p.Asp180Asp
505,486,19,activating transcription factor 2 [Source:HGNC Symbol;Acc:HGNC:784],ENSG00000115966,175168382,175072250,,ENST00000264110,ATF2-201,8.2368251981e-06,synonymous_variant,p.Ser179Ser
505,486,19,activating transcription factor 2 [Source:HGNC Symbol;Acc:HGNC:784],ENSG00000115966,175168382,175072250,,ENST00000264110,ATF2-201,3.2946758039e-05,synonymous_variant,p.Thr177Thr
505,486,19,activating transcription factor 2 [Source:HGNC Symbol;Acc:HGNC:784],ENSG00000115966,175168382,175072250,,ENST00000264110,ATF2-201,8.23668950975e-06,synonymous_variant,p.Leu175Leu
505,486,19,activating transcription factor 2 [Source:HGNC Symbol;Acc:HGNC:784],ENSG00000115966,175168382,175072250,,ENST00000264110,ATF2-201,8.23709658819e-06,synonymous_variant,p.Asn173Asn
505,486,19,activating transcription factor 2 [Source:HGNC Symbol;Acc:HGNC:784],ENSG00000115966,175168382,175072250,,ENST00000264110,ATF2-201,1.64744645799e-05,synonymous_variant,p.Leu169Leu
505,486,19,activating transcription factor 2 [Source:HGNC Symbol;Acc:HGNC:784],ENSG00000115966,175168382,175072250,,ENST00000264110,ATF2-201,8.23723228995e-06,synonymous_variant,p.Ser168Ser
505,486,19,activating transcription factor 2 [Source:HGNC Symbol;Acc:HGNC:784],ENSG00000115966,175168382,175072250,,ENST00000264110,ATF2-201,8.23736799618e-06,synonymous_variant,p.Ala167Ala
505,486,19,activating transcription factor 2 [Source:HGNC Symbol;Acc:HGNC:784],ENSG00000115966,175168382,175072250,,ENST00000264110,ATF2-201,8.23763942205e-06,synonymous_variant,p.Pro166Pro
505,486,19,activating transcription factor 2 [Source:HGNC Symbol;Acc:HGNC:784],ENSG00000115966,175168382,175072250,,ENST00000264110,ATF2-201,8.24347940779e-06,synonymous_variant,p.Ala157Ala
505,486,19,activating transcription factor 2 [Source:HGNC Symbol;Acc:HGNC:784],ENSG00000115966,175168382,175072250,,ENST00000264110,ATF2-201,8.24565454006e-06,synonymous_variant,p.Gln155Gln
505,486,19,activating transcription factor 2 [Source:HGNC Symbol;Acc:HGNC:784],ENSG00000115966,175168382,175072250,,ENST00000264110,ATF2-201,8.25668378552e-06,synonymous_variant,p.Pro152Pro
505,486,19,activating transcription factor 2 [Source:HGNC Symbol;Acc:HGNC:784],ENSG00000115966,175168382,175072250,,ENST00000264110,ATF2-201,8.29366198351e-06,synonymous_variant,p.Thr145Thr
505,486,19,activating transcription factor 2 [Source:HGNC Symbol;Acc:HGNC:784],ENSG00000115966,175168382,175072250,,ENST00000264110,ATF2-201,7.44453819048e-05,synonymous_variant,p.Gln134Gln
505,486,19,activating transcription factor 2 [Source:HGNC Symbol;Acc:HGNC:784],ENSG00000115966,175168382,175072250,,ENST00000264110,ATF2-201,5.79287972327e-05,synonymous_variant,p.Glu125Glu
505,486,19,activating transcription factor 2 [Source:HGNC Symbol;Acc:HGNC:784],ENSG00000115966,175168382,175072250,,ENST00000264110,ATF2-201,0.000509393562647,synonymous_variant,p.Ala89Ala
505,486,19,activating transcription factor 2 [Source:HGNC Symbol;Acc:HGNC:784],ENSG00000115966,175168382,175072250,,ENST00000264110,ATF2-201,8.6337891974e-06,synonymous_variant,p.Ala89Ala
505,486,19,activating transcription factor 2 [Source:HGNC Symbol;Acc:HGNC:784],ENSG00000115966,175168382,175072250,,ENST00000264110,ATF2-201,8.61074276267e-06,synonymous_variant,p.Glu87Glu
505,486,19,activating transcription factor 2 [Source:HGNC Symbol;Acc:HGNC:784],ENSG00000115966,175168382,175072250,,ENST00000264110,ATF2-201,8.58162844981e-06,synonymous_variant,p.Glu81Glu
505,486,19,activating transcription factor 2 [Source:HGNC Symbol;Acc:HGNC:784],ENSG00000115966,175168382,175072250,,ENST00000264110,ATF2-201,8.57603512744e-06,synonymous_variant,p.Leu76Leu
505,486,19,activating transcription factor 2 [Source:HGNC Symbol;Acc:HGNC:784],ENSG00000115966,175168382,175072250,,ENST00000264110,ATF2-201,8.41807529127e-05,splice_donor_variant,c.199+2T>G
505,486,19,activating transcription factor 2 [Source:HGNC Symbol;Acc:HGNC:784],ENSG00000115966,175168382,175072250,,ENST00000264110,ATF2-201,8.29792883696e-06,frameshift_variant,p.Ala58GlyfsTer3
505,486,19,activating transcription factor 2 [Source:HGNC Symbol;Acc:HGNC:784],ENSG00000115966,175168382,175072250,,ENST00000264110,ATF2-201,8.29393713196e-06,synonymous_variant,p.Ala43Ala
505,486,19,activating transcription factor 2 [Source:HGNC Symbol;Acc:HGNC:784],ENSG00000115966,175168382,175072250,,ENST00000264110,ATF2-201,1.66317400126e-05,synonymous_variant,p.Asn38Asn
505,486,19,activating transcription factor 2 [Source:HGNC Symbol;Acc:HGNC:784],ENSG00000115966,175168382,175072250,,ENST00000264110,ATF2-201,8.3013730471e-06,synonymous_variant,p.Ala29Ala
505,486,19,activating transcription factor 2 [Source:HGNC Symbol;Acc:HGNC:784],ENSG00000115966,175168382,175072250,,ENST00000264110,ATF2-201,3.3130135171e-05,synonymous_variant,p.Leu26Leu
505,486,19,activating transcription factor 2 [Source:HGNC Symbol;Acc:HGNC:784],ENSG00000115966,175168382,175072250,,ENST00000264110,ATF2-201,8.2725302361e-06,synonymous_variant,p.Lys23Lys
505,486,19,activating transcription factor 2 [Source:HGNC Symbol;Acc:HGNC:784],ENSG00000115966,175168382,175072250,cAMP-dependent transcription factor ATF-2,ENST00000264110,ATF2-201,9.8578498058e-06,synonymous_variant,p.Gln501Gln
505,486,19,activating transcription factor 2 [Source:HGNC Symbol;Acc:HGNC:784],ENSG00000115966,175168382,175072250,cAMP-dependent transcription factor ATF-2,ENST00000264110,ATF2-201,1.84331797235e-05,synonymous_variant,p.Ser498Ser
505,486,19,activating transcription factor 2 [Source:HGNC Symbol;Acc:HGNC:784],ENSG00000115966,175168382,175072250,cAMP-dependent transcription factor ATF-2,ENST00000264110,ATF2-201,1.70070919573e-05,stop_gained,p.Gln491Ter
505,486,19,activating transcription factor 2 [Source:HGNC Symbol;Acc:HGNC:784],ENSG00000115966,175168382,175072250,cAMP-dependent transcription factor ATF-2,ENST00000264110,ATF2-201,1.66844634277e-05,synonymous_variant,p.Ala481Ala
505,486,19,activating transcription factor 2 [Source:HGNC Symbol;Acc:HGNC:784],ENSG00000115966,175168382,175072250,cAMP-dependent transcription factor ATF-2,ENST00000264110,ATF2-201,8.29971946948e-06,synonymous_variant,p.Thr474Thr
505,486,19,activating transcription factor 2 [Source:HGNC Symbol;Acc:HGNC:784],ENSG00000115966,175168382,175072250,cAMP-dependent transcription factor ATF-2,ENST00000264110,ATF2-201,8.27006731835e-06,synonymous_variant,p.Val457Val
505,486,19,activating transcription factor 2 [Source:HGNC Symbol;Acc:HGNC:784],ENSG00000115966,175168382,175072250,cAMP-dependent transcription factor ATF-2,ENST00000264110,ATF2-201,4.13441820467e-05,synonymous_variant,p.Pro444Pro
505,486,19,activating transcription factor 2 [Source:HGNC Symbol;Acc:HGNC:784],ENSG00000115966,175168382,175072250,cAMP-dependent transcription factor ATF-2,ENST00000264110,ATF2-201,8.26828945628e-06,synonymous_variant,p.Val443Val
505,486,19,activating transcription factor 2 [Source:HGNC Symbol;Acc:HGNC:784],ENSG00000115966,175168382,175072250,cAMP-dependent transcription factor ATF-2,ENST00000264110,ATF2-201,0.00174521513292,synonymous_variant,p.Asp440Asp
505,486,19,activating transcription factor 2 [Source:HGNC Symbol;Acc:HGNC:784],ENSG00000115966,175168382,175072250,cAMP-dependent transcription factor ATF-2,ENST00000264110,ATF2-201,8.29269910771e-06,synonymous_variant,p.Lys434Lys
505,486,19,activating transcription factor 2 [Source:HGNC Symbol;Acc:HGNC:784],ENSG00000115966,175168382,175072250,cAMP-dependent transcription factor ATF-2,ENST00000264110,ATF2-201,4.15247902998e-05,synonymous_variant,p.Asp433Asp
505,486,19,activating transcription factor 2 [Source:HGNC Symbol;Acc:HGNC:784],ENSG00000115966,175168382,175072250,cAMP-dependent transcription factor ATF-2,ENST00000264110,ATF2-201,4.95098524606e-05,synonymous_variant,p.Thr421Thr
505,486,19,activating transcription factor 2 [Source:HGNC Symbol;Acc:HGNC:784],ENSG00000115966,175168382,175072250,cAMP-dependent transcription factor ATF-2,ENST00000264110,ATF2-201,2.47451252103e-05,synonymous_variant,p.His415His
505,486,19,activating transcription factor 2 [Source:HGNC Symbol;Acc:HGNC:784],ENSG00000115966,175168382,175072250,cAMP-dependent transcription factor ATF-2,ENST00000264110,ATF2-201,7.4240274524e-05,synonymous_variant,p.Leu411Leu
505,486,19,activating transcription factor 2 [Source:HGNC Symbol;Acc:HGNC:784],ENSG00000115966,175168382,175072250,cAMP-dependent transcription factor ATF-2,ENST00000264110,ATF2-201,7.41485277398e-05,synonymous_variant,p.Ser389Ser
505,486,19,activating transcription factor 2 [Source:HGNC Symbol;Acc:HGNC:784],ENSG00000115966,175168382,175072250,cAMP-dependent transcription factor ATF-2,ENST00000264110,ATF2-201,8.23818232745e-06,synonymous_variant,p.Glu381Glu
505,486,19,activating transcription factor 2 [Source:HGNC Symbol;Acc:HGNC:784],ENSG00000115966,175168382,175072250,cAMP-dependent transcription factor ATF-2,ENST00000264110,ATF2-201,1.64758217316e-05,synonymous_variant,p.Gln371Gln
505,486,19,activating transcription factor 2 [Source:HGNC Symbol;Acc:HGNC:784],ENSG00000115966,175168382,175072250,cAMP-dependent transcription factor ATF-2,ENST00000264110,ATF2-201,8.24878330446e-06,synonymous_variant,p.Glu353Glu
505,486,19,activating transcription factor 2 [Source:HGNC Symbol;Acc:HGNC:784],ENSG00000115966,175168382,175072250,cAMP-dependent transcription factor ATF-2,ENST00000264110,ATF2-201,0.00175061932287,synonymous_variant,p.Asn348Asn
505,486,19,activating transcription factor 2 [Source:HGNC Symbol;Acc:HGNC:784],ENSG00000115966,175168382,175072250,cAMP-dependent transcription factor ATF-2,ENST00000264110,ATF2-201,8.2740360748e-06,synonymous_variant,p.Arg345Arg
505,486,19,activating transcription factor 2 [Source:HGNC Symbol;Acc:HGNC:784],ENSG00000115966,175168382,175072250,cAMP-dependent transcription factor ATF-2,ENST00000264110,ATF2-201,1.65749519326e-05,synonymous_variant,p.Arg342Arg
505,486,19,activating transcription factor 2 [Source:HGNC Symbol;Acc:HGNC:784],ENSG00000115966,175168382,175072250,cAMP-dependent transcription factor ATF-2,ENST00000264110,ATF2-201,5.86195923426e-05,synonymous_variant,p.Thr336Thr
505,486,19,activating transcription factor 2 [Source:HGNC Symbol;Acc:HGNC:784],ENSG00000115966,175168382,175072250,cAMP-dependent transcription factor ATF-2,ENST00000264110,ATF2-201,8.45179938809e-06,synonymous_variant,p.Pro334Pro
505,486,19,activating transcription factor 2 [Source:HGNC Symbol;Acc:HGNC:784],ENSG00000115966,175168382,175072250,cAMP-dependent transcription factor ATF-2,ENST00000264110,ATF2-201,4.11915903249e-05,synonymous_variant,p.Ala319Ala
505,486,19,activating transcription factor 2 [Source:HGNC Symbol;Acc:HGNC:784],ENSG00000115966,175168382,175072250,cAMP-dependent transcription factor ATF-2,ENST00000264110,ATF2-201,3.29739176312e-05,synonymous_variant,p.Pro318Pro
505,486,19,activating transcription factor 2 [Source:HGNC Symbol;Acc:HGNC:784],ENSG00000115966,175168382,175072250,cAMP-dependent transcription factor ATF-2,ENST00000264110,ATF2-201,8.23953990409e-06,synonymous_variant,p.Leu315Leu
505,486,19,activating transcription factor 2 [Source:HGNC Symbol;Acc:HGNC:784],ENSG00000115966,175168382,175072250,cAMP-dependent transcription factor ATF-2,ENST00000264110,ATF2-201,5.76786803118e-05,synonymous_variant,p.Pro312Pro
505,486,19,activating transcription factor 2 [Source:HGNC Symbol;Acc:HGNC:784],ENSG00000115966,175168382,175072250,cAMP-dependent transcription factor ATF-2,ENST00000264110,ATF2-201,4.11990573656e-05,synonymous_variant,p.Pro312Pro
505,486,19,activating transcription factor 2 [Source:HGNC Symbol;Acc:HGNC:784],ENSG00000115966,175168382,175072250,cAMP-dependent transcription factor ATF-2,ENST00000264110,ATF2-201,1.64798945287e-05,synonymous_variant,p.Arg311Arg
505,486,19,activating transcription factor 2 [Source:HGNC Symbol;Acc:HGNC:784],ENSG00000115966,175168382,175072250,cAMP-dependent transcription factor ATF-2,ENST00000264110,ATF2-201,8.24049047399e-06,stop_gained,p.Arg311Ter
505,486,19,activating transcription factor 2 [Source:HGNC Symbol;Acc:HGNC:784],ENSG00000115966,175168382,175072250,cAMP-dependent transcription factor ATF-2,ENST00000264110,ATF2-201,8.24103375527e-06,synonymous_variant,p.Val303Val
505,486,19,activating transcription factor 2 [Source:HGNC Symbol;Acc:HGNC:784],ENSG00000115966,175168382,175072250,cAMP-dependent transcription factor ATF-2,ENST00000264110,ATF2-201,8.24089792824e-06,synonymous_variant,p.Leu302Leu
505,486,19,activating transcription factor 2 [Source:HGNC Symbol;Acc:HGNC:784],ENSG00000115966,175168382,175072250,cAMP-dependent transcription factor ATF-2,ENST00000264110,ATF2-201,1.64823391736e-05,synonymous_variant,p.Gly301Gly
505,486,19,activating transcription factor 2 [Source:HGNC Symbol;Acc:HGNC:784],ENSG00000115966,175168382,175072250,cAMP-dependent transcription factor ATF-2,ENST00000264110,ATF2-201,8.24497468793e-06,synonymous_variant,p.Pro288Pro
505,486,19,activating transcription factor 2 [Source:HGNC Symbol;Acc:HGNC:784],ENSG00000115966,175168382,175072250,cAMP-dependent transcription factor ATF-2,ENST00000264110,ATF2-201,8.24021886021e-06,stop_gained,p.Gln271Ter
505,486,19,activating transcription factor 2 [Source:HGNC Symbol;Acc:HGNC:784],ENSG00000115966,175168382,175072250,cAMP-dependent transcription factor ATF-2,ENST00000264110,ATF2-201,1.64790798082e-05,synonymous_variant,p.Gln268Gln
505,486,19,activating transcription factor 2 [Source:HGNC Symbol;Acc:HGNC:784],ENSG00000115966,175168382,175072250,cAMP-dependent transcription factor ATF-2,ENST00000264110,ATF2-201,3.29543582139e-05,synonymous_variant,p.Pro262Pro
505,486,19,activating transcription factor 2 [Source:HGNC Symbol;Acc:HGNC:784],ENSG00000115966,175168382,175072250,cAMP-dependent transcription factor ATF-2,ENST00000264110,ATF2-201,8.23845380699e-06,synonymous_variant,p.Ile261Ile
505,486,19,activating transcription factor 2 [Source:HGNC Symbol;Acc:HGNC:784],ENSG00000115966,175168382,175072250,cAMP-dependent transcription factor ATF-2,ENST00000264110,ATF2-201,3.2963591713e-05,synonymous_variant,p.Thr253Thr
505,486,19,activating transcription factor 2 [Source:HGNC Symbol;Acc:HGNC:784],ENSG00000115966,175168382,175072250,cAMP-dependent transcription factor ATF-2,ENST00000264110,ATF2-201,8.24388715767e-06,synonymous_variant,p.Arg250Arg
505,486,19,activating transcription factor 2 [Source:HGNC Symbol;Acc:HGNC:784],ENSG00000115966,175168382,175072250,cAMP-dependent transcription factor ATF-2,ENST00000264110,ATF2-201,8.24008306004e-06,synonymous_variant,p.Ala244Ala
505,486,19,activating transcription factor 2 [Source:HGNC Symbol;Acc:HGNC:784],ENSG00000115966,175168382,175072250,cAMP-dependent transcription factor ATF-2,ENST00000264110,ATF2-201,8.23845380699e-06,synonymous_variant,p.His241His
505,486,19,activating transcription factor 2 [Source:HGNC Symbol;Acc:HGNC:784],ENSG00000115966,175168382,175072250,cAMP-dependent transcription factor ATF-2,ENST00000264110,ATF2-201,8.23723228995e-06,synonymous_variant,p.Ser194Ser
505,486,19,activating transcription factor 2 [Source:HGNC Symbol;Acc:HGNC:784],ENSG00000115966,175168382,175072250,cAMP-dependent transcription factor ATF-2,ENST00000264110,ATF2-201,8.23709658819e-06,synonymous_variant,p.Thr193Thr
505,486,19,activating transcription factor 2 [Source:HGNC Symbol;Acc:HGNC:784],ENSG00000115966,175168382,175072250,cAMP-dependent transcription factor ATF-2,ENST00000264110,ATF2-201,8.23641814648e-06,synonymous_variant,p.Ala188Ala
505,486,19,activating transcription factor 2 [Source:HGNC Symbol;Acc:HGNC:784],ENSG00000115966,175168382,175072250,cAMP-dependent transcription factor ATF-2,ENST00000264110,ATF2-201,8.23668950975e-06,synonymous_variant,p.Asp180Asp
505,486,19,activating transcription factor 2 [Source:HGNC Symbol;Acc:HGNC:784],ENSG00000115966,175168382,175072250,cAMP-dependent transcription factor ATF-2,ENST00000264110,ATF2-201,8.2368251981e-06,synonymous_variant,p.Ser179Ser
505,486,19,activating transcription factor 2 [Source:HGNC Symbol;Acc:HGNC:784],ENSG00000115966,175168382,175072250,cAMP-dependent transcription factor ATF-2,ENST00000264110,ATF2-201,3.2946758039e-05,synonymous_variant,p.Thr177Thr
505,486,19,activating transcription factor 2 [Source:HGNC Symbol;Acc:HGNC:784],ENSG00000115966,175168382,175072250,cAMP-dependent transcription factor ATF-2,ENST00000264110,ATF2-201,8.23668950975e-06,synonymous_variant,p.Leu175Leu
505,486,19,activating transcription factor 2 [Source:HGNC Symbol;Acc:HGNC:784],ENSG00000115966,175168382,175072250,cAMP-dependent transcription factor ATF-2,ENST00000264110,ATF2-201,8.23709658819e-06,synonymous_variant,p.Asn173Asn
505,486,19,activating transcription factor 2 [Source:HGNC Symbol;Acc:HGNC:784],ENSG00000115966,175168382,175072250,cAMP-dependent transcription factor ATF-2,ENST00000264110,ATF2-201,1.64744645799e-05,synonymous_variant,p.Leu169Leu
505,486,19,activating transcription factor 2 [Source:HGNC Symbol;Acc:HGNC:784],ENSG00000115966,175168382,175072250,cAMP-dependent transcription factor ATF-2,ENST00000264110,ATF2-201,8.23723228995e-06,synonymous_variant,p.Ser168Ser
505,486,19,activating transcription factor 2 [Source:HGNC Symbol;Acc:HGNC:784],ENSG00000115966,175168382,175072250,cAMP-dependent transcription factor ATF-2,ENST00000264110,ATF2-201,8.23736799618e-06,synonymous_variant,p.Ala167Ala
505,486,19,activating transcription factor 2 [Source:HGNC Symbol;Acc:HGNC:784],ENSG00000115966,175168382,175072250,cAMP-dependent transcription factor ATF-2,ENST00000264110,ATF2-201,8.23763942205e-06,synonymous_variant,p.Pro166Pro
505,486,19,activating transcription factor 2 [Source:HGNC Symbol;Acc:HGNC:784],ENSG00000115966,175168382,175072250,cAMP-dependent transcription factor ATF-2,ENST00000264110,ATF2-201,8.24347940779e-06,synonymous_variant,p.Ala157Ala
505,486,19,activating transcription factor 2 [Source:HGNC Symbol;Acc:HGNC:784],ENSG00000115966,175168382,175072250,cAMP-dependent transcription factor ATF-2,ENST00000264110,ATF2-201,8.24565454006e-06,synonymous_variant,p.Gln155Gln
505,486,19,activating transcription factor 2 [Source:HGNC Symbol;Acc:HGNC:784],ENSG00000115966,175168382,175072250,cAMP-dependent transcription factor ATF-2,ENST00000264110,ATF2-201,8.25668378552e-06,synonymous_variant,p.Pro152Pro
505,486,19,activating transcription factor 2 [Source:HGNC Symbol;Acc:HGNC:784],ENSG00000115966,175168382,175072250,cAMP-dependent transcription factor ATF-2,ENST00000264110,ATF2-201,8.29366198351e-06,synonymous_variant,p.Thr145Thr
505,486,19,activating transcription factor 2 [Source:HGNC Symbol;Acc:HGNC:784],ENSG00000115966,175168382,175072250,cAMP-dependent transcription factor ATF-2,ENST00000264110,ATF2-201,7.44453819048e-05,synonymous_variant,p.Gln134Gln
505,486,19,activating transcription factor 2 [Source:HGNC Symbol;Acc:HGNC:784],ENSG00000115966,175168382,175072250,cAMP-dependent transcription factor ATF-2,ENST00000264110,ATF2-201,5.79287972327e-05,synonymous_variant,p.Glu125Glu
505,486,19,activating transcription factor 2 [Source:HGNC Symbol;Acc:HGNC:784],ENSG00000115966,175168382,175072250,cAMP-dependent transcription factor ATF-2,ENST00000264110,ATF2-201,0.000509393562647,synonymous_variant,p.Ala89Ala
505,486,19,activating transcription factor 2 [Source:HGNC Symbol;Acc:HGNC:784],ENSG00000115966,175168382,175072250,cAMP-dependent transcription factor ATF-2,ENST00000264110,ATF2-201,8.6337891974e-06,synonymous_variant,p.Ala89Ala
505,486,19,activating transcription factor 2 [Source:HGNC Symbol;Acc:HGNC:784],ENSG00000115966,175168382,175072250,cAMP-dependent transcription factor ATF-2,ENST00000264110,ATF2-201,8.61074276267e-06,synonymous_variant,p.Glu87Glu
505,486,19,activating transcription factor 2 [Source:HGNC Symbol;Acc:HGNC:784],ENSG00000115966,175168382,175072250,cAMP-dependent transcription factor ATF-2,ENST00000264110,ATF2-201,8.58162844981e-06,synonymous_variant,p.Glu81Glu
505,486,19,activating transcription factor 2 [Source:HGNC Symbol;Acc:HGNC:784],ENSG00000115966,175168382,175072250,cAMP-dependent transcription factor ATF-2,ENST00000264110,ATF2-201,8.57603512744e-06,synonymous_variant,p.Leu76Leu
505,486,19,activating transcription factor 2 [Source:HGNC Symbol;Acc:HGNC:784],ENSG00000115966,175168382,175072250,cAMP-dependent transcription factor ATF-2,ENST00000264110,ATF2-201,8.41807529127e-05,splice_donor_variant,c.199+2T>G
505,486,19,activating transcription factor 2 [Source:HGNC Symbol;Acc:HGNC:784],ENSG00000115966,175168382,175072250,cAMP-dependent transcription factor ATF-2,ENST00000264110,ATF2-201,8.29792883696e-06,frameshift_variant,p.Ala58GlyfsTer3
505,486,19,activating transcription factor 2 [Source:HGNC Symbol;Acc:HGNC:784],ENSG00000115966,175168382,175072250,cAMP-dependent transcription factor ATF-2,ENST00000264110,ATF2-201,8.29393713196e-06,synonymous_variant,p.Ala43Ala
505,486,19,activating transcription factor 2 [Source:HGNC Symbol;Acc:HGNC:784],ENSG00000115966,175168382,175072250,cAMP-dependent transcription factor ATF-2,ENST00000264110,ATF2-201,1.66317400126e-05,synonymous_variant,p.Asn38Asn
505,486,19,activating transcription factor 2 [Source:HGNC Symbol;Acc:HGNC:784],ENSG00000115966,175168382,175072250,cAMP-dependent transcription factor ATF-2,ENST00000264110,ATF2-201,8.3013730471e-06,synonymous_variant,p.Ala29Ala
505,486,19,activating transcription factor 2 [Source:HGNC Symbol;Acc:HGNC:784],ENSG00000115966,175168382,175072250,cAMP-dependent transcription factor ATF-2,ENST00000264110,ATF2-201,3.3130135171e-05,synonymous_variant,p.Leu26Leu
505,486,19,activating transcription factor 2 [Source:HGNC Symbol;Acc:HGNC:784],ENSG00000115966,175168382,175072250,cAMP-dependent transcription factor ATF-2,ENST00000264110,ATF2-201,8.2725302361e-06,synonymous_variant,p.Lys23Lys
415,61,354,activating transcription factor 2 [Source:HGNC Symbol;Acc:HGNC:784],ENSG00000115966,175168382,175072250,,ENST00000264110,ATF2-201,2.47451252103e-05,synonymous_variant,p.His415His
415,61,354,activating transcription factor 2 [Source:HGNC Symbol;Acc:HGNC:784],ENSG00000115966,175168382,175072250,,ENST00000264110,ATF2-201,7.4240274524e-05,synonymous_variant,p.Leu411Leu
415,61,354,activating transcription factor 2 [Source:HGNC Symbol;Acc:HGNC:784],ENSG00000115966,175168382,175072250,,ENST00000264110,ATF2-201,7.41485277398e-05,synonymous_variant,p.Ser389Ser
415,61,354,activating transcription factor 2 [Source:HGNC Symbol;Acc:HGNC:784],ENSG00000115966,175168382,175072250,,ENST00000264110,ATF2-201,8.23818232745e-06,synonymous_variant,p.Glu381Glu
415,61,354,activating transcription factor 2 [Source:HGNC Symbol;Acc:HGNC:784],ENSG00000115966,175168382,175072250,,ENST00000264110,ATF2-201,1.64758217316e-05,synonymous_variant,p.Gln371Gln
49,29,20,activating transcription factor 2 [Source:HGNC Symbol;Acc:HGNC:784],ENSG00000115966,175168382,175072250,Zinc finger C2H2-type/integrase DNA-binding domain,ENST00000264110,ATF2-201,8.29393713196e-06,synonymous_variant,p.Ala43Ala
49,29,20,activating transcription factor 2 [Source:HGNC Symbol;Acc:HGNC:784],ENSG00000115966,175168382,175072250,Zinc finger C2H2-type/integrase DNA-binding domain,ENST00000264110,ATF2-201,1.66317400126e-05,synonymous_variant,p.Asn38Asn
49,29,20,activating transcription factor 2 [Source:HGNC Symbol;Acc:HGNC:784],ENSG00000115966,175168382,175072250,Zinc finger C2H2-type/integrase DNA-binding domain,ENST00000264110,ATF2-201,8.3013730471e-06,synonymous_variant,p.Ala29Ala
49,29,20,activating transcription factor 2 [Source:HGNC Symbol;Acc:HGNC:784],ENSG00000115966,175168382,175072250,Zinc finger C2H2-type/integrase DNA-binding domain,ENST00000264110,ATF2-201,3.3130135171e-05,synonymous_variant,p.Leu26Leu
49,29,20,activating transcription factor 2 [Source:HGNC Symbol;Acc:HGNC:784],ENSG00000115966,175168382,175072250,Zinc finger C2H2-type/integrase DNA-binding domain,ENST00000264110,ATF2-201,8.2725302361e-06,synonymous_variant,p.Lys23Lys
411,57,354,activating transcription factor 2 [Source:HGNC Symbol;Acc:HGNC:784],ENSG00000115966,175168382,175072250,Basic-leucine zipper domain,ENST00000264110,ATF2-201,7.4240274524e-05,synonymous_variant,p.Leu411Leu
411,57,354,activating transcription factor 2 [Source:HGNC Symbol;Acc:HGNC:784],ENSG00000115966,175168382,175072250,Basic-leucine zipper domain,ENST00000264110,ATF2-201,7.41485277398e-05,synonymous_variant,p.Ser389Ser
411,57,354,activating transcription factor 2 [Source:HGNC Symbol;Acc:HGNC:784],ENSG00000115966,175168382,175072250,Basic-leucine zipper domain,ENST00000264110,ATF2-201,8.23818232745e-06,synonymous_variant,p.Glu381Glu
411,57,354,activating transcription factor 2 [Source:HGNC Symbol;Acc:HGNC:784],ENSG00000115966,175168382,175072250,Basic-leucine zipper domain,ENST00000264110,ATF2-201,1.64758217316e-05,synonymous_variant,p.Gln371Gln
49,30,19,activating transcription factor 2 [Source:HGNC Symbol;Acc:HGNC:784],ENSG00000115966,175168382,175072250,,ENST00000264110,ATF2-201,8.29393713196e-06,synonymous_variant,p.Ala43Ala
49,30,19,activating transcription factor 2 [Source:HGNC Symbol;Acc:HGNC:784],ENSG00000115966,175168382,175072250,,ENST00000264110,ATF2-201,1.66317400126e-05,synonymous_variant,p.Asn38Asn
49,30,19,activating transcription factor 2 [Source:HGNC Symbol;Acc:HGNC:784],ENSG00000115966,175168382,175072250,,ENST00000264110,ATF2-201,8.3013730471e-06,synonymous_variant,p.Ala29Ala
49,30,19,activating transcription factor 2 [Source:HGNC Symbol;Acc:HGNC:784],ENSG00000115966,175168382,175072250,,ENST00000264110,ATF2-201,3.3130135171e-05,synonymous_variant,p.Leu26Leu
49,30,19,activating transcription factor 2 [Source:HGNC Symbol;Acc:HGNC:784],ENSG00000115966,175168382,175072250,,ENST00000264110,ATF2-201,8.2725302361e-06,synonymous_variant,p.Lys23Lys
414,60,354,activating transcription factor 2 [Source:HGNC Symbol;Acc:HGNC:784],ENSG00000115966,175168382,175072250,,ENST00000264110,ATF2-201,7.4240274524e-05,synonymous_variant,p.Leu411Leu
414,60,354,activating transcription factor 2 [Source:HGNC Symbol;Acc:HGNC:784],ENSG00000115966,175168382,175072250,,ENST00000264110,ATF2-201,7.41485277398e-05,synonymous_variant,p.Ser389Ser
414,60,354,activating transcription factor 2 [Source:HGNC Symbol;Acc:HGNC:784],ENSG00000115966,175168382,175072250,,ENST00000264110,ATF2-201,8.23818232745e-06,synonymous_variant,p.Glu381Glu
414,60,354,activating transcription factor 2 [Source:HGNC Symbol;Acc:HGNC:784],ENSG00000115966,175168382,175072250,,ENST00000264110,ATF2-201,1.64758217316e-05,synonymous_variant,p.Gln371Gln
411,34,377,activating transcription factor 2 [Source:HGNC Symbol;Acc:HGNC:784],ENSG00000115966,175168382,175072250,,ENST00000264110,ATF2-201,7.4240274524e-05,synonymous_variant,p.Leu411Leu
411,34,377,activating transcription factor 2 [Source:HGNC Symbol;Acc:HGNC:784],ENSG00000115966,175168382,175072250,,ENST00000264110,ATF2-201,7.41485277398e-05,synonymous_variant,p.Ser389Ser
411,34,377,activating transcription factor 2 [Source:HGNC Symbol;Acc:HGNC:784],ENSG00000115966,175168382,175072250,,ENST00000264110,ATF2-201,8.23818232745e-06,synonymous_variant,p.Glu381Glu
414,64,350,activating transcription factor 2 [Source:HGNC Symbol;Acc:HGNC:784],ENSG00000115966,175168382,175072250,Basic-leucine zipper domain,ENST00000264110,ATF2-201,7.4240274524e-05,synonymous_variant,p.Leu411Leu
414,64,350,activating transcription factor 2 [Source:HGNC Symbol;Acc:HGNC:784],ENSG00000115966,175168382,175072250,Basic-leucine zipper domain,ENST00000264110,ATF2-201,7.41485277398e-05,synonymous_variant,p.Ser389Ser
414,64,350,activating transcription factor 2 [Source:HGNC Symbol;Acc:HGNC:784],ENSG00000115966,175168382,175072250,Basic-leucine zipper domain,ENST00000264110,ATF2-201,8.23818232745e-06,synonymous_variant,p.Glu381Glu
414,64,350,activating transcription factor 2 [Source:HGNC Symbol;Acc:HGNC:784],ENSG00000115966,175168382,175072250,Basic-leucine zipper domain,ENST00000264110,ATF2-201,1.64758217316e-05,synonymous_variant,p.Gln371Gln
414,64,350,activating transcription factor 2 [Source:HGNC Symbol;Acc:HGNC:784],ENSG00000115966,175168382,175072250,Basic-leucine zipper domain,ENST00000264110,ATF2-201,8.24878330446e-06,synonymous_variant,p.Glu353Glu
272,17,255,activating transcription factor 2 [Source:HGNC Symbol;Acc:HGNC:784],ENSG00000115966,175168382,175072250,,ENST00000264110,ATF2-201,8.24021886021e-06,stop_gained,p.Gln271Ter
272,17,255,activating transcription factor 2 [Source:HGNC Symbol;Acc:HGNC:784],ENSG00000115966,175168382,175072250,,ENST00000264110,ATF2-201,1.64790798082e-05,synonymous_variant,p.Gln268Gln
272,17,255,activating transcription factor 2 [Source:HGNC Symbol;Acc:HGNC:784],ENSG00000115966,175168382,175072250,,ENST00000264110,ATF2-201,3.29543582139e-05,synonymous_variant,p.Pro262Pro
272,17,255,activating transcription factor 2 [Source:HGNC Symbol;Acc:HGNC:784],ENSG00000115966,175168382,175072250,,ENST00000264110,ATF2-201,8.23845380699e-06,synonymous_variant,p.Ile261Ile
334,16,318,activating transcription factor 2 [Source:HGNC Symbol;Acc:HGNC:784],ENSG00000115966,175168382,175072250,,ENST00000264110,ATF2-201,8.45179938809e-06,synonymous_variant,p.Pro334Pro
334,16,318,activating transcription factor 2 [Source:HGNC Symbol;Acc:HGNC:784],ENSG00000115966,175168382,175072250,,ENST00000264110,ATF2-201,4.11915903249e-05,synonymous_variant,p.Ala319Ala
334,16,318,activating transcription factor 2 [Source:HGNC Symbol;Acc:HGNC:784],ENSG00000115966,175168382,175072250,,ENST00000264110,ATF2-201,3.29739176312e-05,synonymous_variant,p.Pro318Pro
467,12,455,activating transcription factor 2 [Source:HGNC Symbol;Acc:HGNC:784],ENSG00000115966,175168382,175072250,,ENST00000264110,ATF2-201,8.27006731835e-06,synonymous_variant,p.Val457Val
49,22,27,activating transcription factor 2 [Source:HGNC Symbol;Acc:HGNC:784],ENSG00000115966,175168382,175072250,"Zinc finger, C2H2",ENST00000264110,ATF2-201,8.29393713196e-06,synonymous_variant,p.Ala43Ala
49,22,27,activating transcription factor 2 [Source:HGNC Symbol;Acc:HGNC:784],ENSG00000115966,175168382,175072250,"Zinc finger, C2H2",ENST00000264110,ATF2-201,1.66317400126e-05,synonymous_variant,p.Asn38Asn
49,22,27,activating transcription factor 2 [Source:HGNC Symbol;Acc:HGNC:784],ENSG00000115966,175168382,175072250,"Zinc finger, C2H2",ENST00000264110,ATF2-201,8.3013730471e-06,synonymous_variant,p.Ala29Ala
372,15,357,activating transcription factor 2 [Source:HGNC Symbol;Acc:HGNC:784],ENSG00000115966,175168382,175072250,Basic-leucine zipper domain,ENST00000264110,ATF2-201,1.64758217316e-05,synonymous_variant,p.Gln371Gln
49,24,25,activating transcription factor 2 [Source:HGNC Symbol;Acc:HGNC:784],ENSG00000115966,175168382,175072250,"Zinc finger, C2H2",ENST00000264110,ATF2-201,8.29393713196e-06,synonymous_variant,p.Ala43Ala
49,24,25,activating transcription factor 2 [Source:HGNC Symbol;Acc:HGNC:784],ENSG00000115966,175168382,175072250,"Zinc finger, C2H2",ENST00000264110,ATF2-201,1.66317400126e-05,synonymous_variant,p.Asn38Asn
49,24,25,activating transcription factor 2 [Source:HGNC Symbol;Acc:HGNC:784],ENSG00000115966,175168382,175072250,"Zinc finger, C2H2",ENST00000264110,ATF2-201,8.3013730471e-06,synonymous_variant,p.Ala29Ala
49,24,25,activating transcription factor 2 [Source:HGNC Symbol;Acc:HGNC:784],ENSG00000115966,175168382,175072250,"Zinc finger, C2H2",ENST00000264110,ATF2-201,3.3130135171e-05,synonymous_variant,p.Leu26Leu
415,63,352,activating transcription factor 2 [Source:HGNC Symbol;Acc:HGNC:784],ENSG00000115966,175168382,175072250,Basic-leucine zipper domain,ENST00000264110,ATF2-201,2.47451252103e-05,synonymous_variant,p.His415His
415,63,352,activating transcription factor 2 [Source:HGNC Symbol;Acc:HGNC:784],ENSG00000115966,175168382,175072250,Basic-leucine zipper domain,ENST00000264110,ATF2-201,7.4240274524e-05,synonymous_variant,p.Leu411Leu
415,63,352,activating transcription factor 2 [Source:HGNC Symbol;Acc:HGNC:784],ENSG00000115966,175168382,175072250,Basic-leucine zipper domain,ENST00000264110,ATF2-201,7.41485277398e-05,synonymous_variant,p.Ser389Ser
415,63,352,activating transcription factor 2 [Source:HGNC Symbol;Acc:HGNC:784],ENSG00000115966,175168382,175072250,Basic-leucine zipper domain,ENST00000264110,ATF2-201,8.23818232745e-06,synonymous_variant,p.Glu381Glu
415,63,352,activating transcription factor 2 [Source:HGNC Symbol;Acc:HGNC:784],ENSG00000115966,175168382,175072250,Basic-leucine zipper domain,ENST00000264110,ATF2-201,1.64758217316e-05,synonymous_variant,p.Gln371Gln
415,63,352,activating transcription factor 2 [Source:HGNC Symbol;Acc:HGNC:784],ENSG00000115966,175168382,175072250,Basic-leucine zipper domain,ENST00000264110,ATF2-201,8.24878330446e-06,synonymous_variant,p.Glu353Glu
180,179,1,activating transcription factor 3 [Source:HGNC Symbol;Acc:HGNC:785],ENSG00000162772,212620777,212565334,cAMP-dependent transcription factor ATF-3,ENST00000341491,ATF3-202,1.6476907614e-05,synonymous_variant,p.Gly7Gly
180,179,1,activating transcription factor 3 [Source:HGNC Symbol;Acc:HGNC:785],ENSG00000162772,212620777,212565334,cAMP-dependent transcription factor ATF-3,ENST00000341491,ATF3-202,8.23777514169e-06,synonymous_variant,p.Ala11Ala
180,179,1,activating transcription factor 3 [Source:HGNC Symbol;Acc:HGNC:785],ENSG00000162772,212620777,212565334,cAMP-dependent transcription factor ATF-3,ENST00000341491,ATF3-202,2.47137325974e-05,synonymous_variant,p.Ser12Ser
180,179,1,activating transcription factor 3 [Source:HGNC Symbol;Acc:HGNC:785],ENSG00000162772,212620777,212565334,cAMP-dependent transcription factor ATF-3,ENST00000341491,ATF3-202,0.000560104113471,synonymous_variant,p.Val20Val
180,179,1,activating transcription factor 3 [Source:HGNC Symbol;Acc:HGNC:785],ENSG00000162772,212620777,212565334,cAMP-dependent transcription factor ATF-3,ENST00000341491,ATF3-202,8.2368251981e-06,synonymous_variant,p.Val20Val
180,179,1,activating transcription factor 3 [Source:HGNC Symbol;Acc:HGNC:785],ENSG00000162772,212620777,212565334,cAMP-dependent transcription factor ATF-3,ENST00000341491,ATF3-202,0.000296525707131,synonymous_variant,p.Ser24Ser
180,179,1,activating transcription factor 3 [Source:HGNC Symbol;Acc:HGNC:785],ENSG00000162772,212620777,212565334,cAMP-dependent transcription factor ATF-3,ENST00000341491,ATF3-202,8.2368251981e-06,synonymous_variant,p.Ser24Ser
180,179,1,activating transcription factor 3 [Source:HGNC Symbol;Acc:HGNC:785],ENSG00000162772,212620777,212565334,cAMP-dependent transcription factor ATF-3,ENST00000341491,ATF3-202,8.23655382588e-06,synonymous_variant,p.Leu37Leu
180,179,1,activating transcription factor 3 [Source:HGNC Symbol;Acc:HGNC:785],ENSG00000162772,212620777,212565334,cAMP-dependent transcription factor ATF-3,ENST00000341491,ATF3-202,1.64731076518e-05,synonymous_variant,p.Thr38Thr
180,179,1,activating transcription factor 3 [Source:HGNC Symbol;Acc:HGNC:785],ENSG00000162772,212620777,212565334,cAMP-dependent transcription factor ATF-3,ENST00000341491,ATF3-202,8.23641814648e-06,synonymous_variant,p.Ala48Ala
180,179,1,activating transcription factor 3 [Source:HGNC Symbol;Acc:HGNC:785],ENSG00000162772,212620777,212565334,cAMP-dependent transcription factor ATF-3,ENST00000341491,ATF3-202,8.2368251981e-06,synonymous_variant,p.His53His
180,179,1,activating transcription factor 3 [Source:HGNC Symbol;Acc:HGNC:785],ENSG00000162772,212620777,212565334,cAMP-dependent transcription factor ATF-3,ENST00000341491,ATF3-202,8.23696089091e-06,synonymous_variant,p.His56His
180,179,1,activating transcription factor 3 [Source:HGNC Symbol;Acc:HGNC:785],ENSG00000162772,212620777,212565334,cAMP-dependent transcription factor ATF-3,ENST00000341491,ATF3-202,8.23926835297e-06,synonymous_variant,p.Ala61Ala
180,179,1,activating transcription factor 3 [Source:HGNC Symbol;Acc:HGNC:785],ENSG00000162772,212620777,212565334,cAMP-dependent transcription factor ATF-3,ENST00000341491,ATF3-202,0.0622225888953,synonymous_variant,p.Ser68Ser
180,179,1,activating transcription factor 3 [Source:HGNC Symbol;Acc:HGNC:785],ENSG00000162772,212620777,212565334,cAMP-dependent transcription factor ATF-3,ENST00000341491,ATF3-202,0.000198337272532,synonymous_variant,p.Leu72Leu
180,179,1,activating transcription factor 3 [Source:HGNC Symbol;Acc:HGNC:785],ENSG00000162772,212620777,212565334,cAMP-dependent transcription factor ATF-3,ENST00000341491,ATF3-202,8.44067052687e-06,synonymous_variant,p.Ala79Ala
180,179,1,activating transcription factor 3 [Source:HGNC Symbol;Acc:HGNC:785],ENSG00000162772,212620777,212565334,cAMP-dependent transcription factor ATF-3,ENST00000341491,ATF3-202,8.24660652142e-06,stop_gained,p.Arg92Ter
180,179,1,activating transcription factor 3 [Source:HGNC Symbol;Acc:HGNC:785],ENSG00000162772,212620777,212565334,cAMP-dependent transcription factor ATF-3,ENST00000341491,ATF3-202,8.24606250515e-06,synonymous_variant,p.Arg93Arg
180,179,1,activating transcription factor 3 [Source:HGNC Symbol;Acc:HGNC:785],ENSG00000162772,212620777,212565334,cAMP-dependent transcription factor ATF-3,ENST00000341491,ATF3-202,8.24715060946e-06,synonymous_variant,p.Ala101Ala
180,179,1,activating transcription factor 3 [Source:HGNC Symbol;Acc:HGNC:785],ENSG00000162772,212620777,212565334,cAMP-dependent transcription factor ATF-3,ENST00000341491,ATF3-202,8.25245923285e-06,synonymous_variant,p.Thr111Thr
180,179,1,activating transcription factor 3 [Source:HGNC Symbol;Acc:HGNC:785],ENSG00000162772,212620777,212565334,cAMP-dependent transcription factor ATF-3,ENST00000341491,ATF3-202,8.24103375527e-06,synonymous_variant,p.Ser118Ser
180,179,1,activating transcription factor 3 [Source:HGNC Symbol;Acc:HGNC:785],ENSG00000162772,212620777,212565334,cAMP-dependent transcription factor ATF-3,ENST00000341491,ATF3-202,8.23872530442e-06,frameshift_variant,p.Val124GlufsTer3
180,179,1,activating transcription factor 3 [Source:HGNC Symbol;Acc:HGNC:785],ENSG00000162772,212620777,212565334,cAMP-dependent transcription factor ATF-3,ENST00000341491,ATF3-202,0.00257842361935,synonymous_variant,p.Asn125Asn
180,179,1,activating transcription factor 3 [Source:HGNC Symbol;Acc:HGNC:785],ENSG00000162772,212620777,212565334,cAMP-dependent transcription factor ATF-3,ENST00000341491,ATF3-202,9.88500444825e-05,synonymous_variant,p.Asn137Asn
180,179,1,activating transcription factor 3 [Source:HGNC Symbol;Acc:HGNC:785],ENSG00000162772,212620777,212565334,cAMP-dependent transcription factor ATF-3,ENST00000341491,ATF3-202,8.23953990409e-06,synonymous_variant,p.Thr152Thr
180,179,1,activating transcription factor 3 [Source:HGNC Symbol;Acc:HGNC:785],ENSG00000162772,212620777,212565334,cAMP-dependent transcription factor ATF-3,ENST00000341491,ATF3-202,8.26610236741e-06,synonymous_variant,p.Gln172Gln
180,179,1,activating transcription factor 3 [Source:HGNC Symbol;Acc:HGNC:785],ENSG00000162772,212620777,212565334,cAMP-dependent transcription factor ATF-3,ENST00000341491,ATF3-202,8.36162349282e-06,stop_gained,p.Gln180Ter
180,179,1,activating transcription factor 3 [Source:HGNC Symbol;Acc:HGNC:785],ENSG00000162772,212620777,212565334,AP-1 transcription factor,ENST00000341491,ATF3-202,1.6476907614e-05,synonymous_variant,p.Gly7Gly
180,179,1,activating transcription factor 3 [Source:HGNC Symbol;Acc:HGNC:785],ENSG00000162772,212620777,212565334,AP-1 transcription factor,ENST00000341491,ATF3-202,8.23777514169e-06,synonymous_variant,p.Ala11Ala
180,179,1,activating transcription factor 3 [Source:HGNC Symbol;Acc:HGNC:785],ENSG00000162772,212620777,212565334,AP-1 transcription factor,ENST00000341491,ATF3-202,2.47137325974e-05,synonymous_variant,p.Ser12Ser
180,179,1,activating transcription factor 3 [Source:HGNC Symbol;Acc:HGNC:785],ENSG00000162772,212620777,212565334,AP-1 transcription factor,ENST00000341491,ATF3-202,0.000560104113471,synonymous_variant,p.Val20Val
180,179,1,activating transcription factor 3 [Source:HGNC Symbol;Acc:HGNC:785],ENSG00000162772,212620777,212565334,AP-1 transcription factor,ENST00000341491,ATF3-202,8.2368251981e-06,synonymous_variant,p.Val20Val
180,179,1,activating transcription factor 3 [Source:HGNC Symbol;Acc:HGNC:785],ENSG00000162772,212620777,212565334,AP-1 transcription factor,ENST00000341491,ATF3-202,0.000296525707131,synonymous_variant,p.Ser24Ser
180,179,1,activating transcription factor 3 [Source:HGNC Symbol;Acc:HGNC:785],ENSG00000162772,212620777,212565334,AP-1 transcription factor,ENST00000341491,ATF3-202,8.2368251981e-06,synonymous_variant,p.Ser24Ser
180,179,1,activating transcription factor 3 [Source:HGNC Symbol;Acc:HGNC:785],ENSG00000162772,212620777,212565334,AP-1 transcription factor,ENST00000341491,ATF3-202,8.23655382588e-06,synonymous_variant,p.Leu37Leu
180,179,1,activating transcription factor 3 [Source:HGNC Symbol;Acc:HGNC:785],ENSG00000162772,212620777,212565334,AP-1 transcription factor,ENST00000341491,ATF3-202,1.64731076518e-05,synonymous_variant,p.Thr38Thr
180,179,1,activating transcription factor 3 [Source:HGNC Symbol;Acc:HGNC:785],ENSG00000162772,212620777,212565334,AP-1 transcription factor,ENST00000341491,ATF3-202,8.23641814648e-06,synonymous_variant,p.Ala48Ala
180,179,1,activating transcription factor 3 [Source:HGNC Symbol;Acc:HGNC:785],ENSG00000162772,212620777,212565334,AP-1 transcription factor,ENST00000341491,ATF3-202,8.2368251981e-06,synonymous_variant,p.His53His
180,179,1,activating transcription factor 3 [Source:HGNC Symbol;Acc:HGNC:785],ENSG00000162772,212620777,212565334,AP-1 transcription factor,ENST00000341491,ATF3-202,8.23696089091e-06,synonymous_variant,p.His56His
180,179,1,activating transcription factor 3 [Source:HGNC Symbol;Acc:HGNC:785],ENSG00000162772,212620777,212565334,AP-1 transcription factor,ENST00000341491,ATF3-202,8.23926835297e-06,synonymous_variant,p.Ala61Ala
180,179,1,activating transcription factor 3 [Source:HGNC Symbol;Acc:HGNC:785],ENSG00000162772,212620777,212565334,AP-1 transcription factor,ENST00000341491,ATF3-202,0.0622225888953,synonymous_variant,p.Ser68Ser
180,179,1,activating transcription factor 3 [Source:HGNC Symbol;Acc:HGNC:785],ENSG00000162772,212620777,212565334,AP-1 transcription factor,ENST00000341491,ATF3-202,0.000198337272532,synonymous_variant,p.Leu72Leu
180,179,1,activating transcription factor 3 [Source:HGNC Symbol;Acc:HGNC:785],ENSG00000162772,212620777,212565334,AP-1 transcription factor,ENST00000341491,ATF3-202,8.44067052687e-06,synonymous_variant,p.Ala79Ala
180,179,1,activating transcription factor 3 [Source:HGNC Symbol;Acc:HGNC:785],ENSG00000162772,212620777,212565334,AP-1 transcription factor,ENST00000341491,ATF3-202,8.24660652142e-06,stop_gained,p.Arg92Ter
180,179,1,activating transcription factor 3 [Source:HGNC Symbol;Acc:HGNC:785],ENSG00000162772,212620777,212565334,AP-1 transcription factor,ENST00000341491,ATF3-202,8.24606250515e-06,synonymous_variant,p.Arg93Arg
180,179,1,activating transcription factor 3 [Source:HGNC Symbol;Acc:HGNC:785],ENSG00000162772,212620777,212565334,AP-1 transcription factor,ENST00000341491,ATF3-202,8.24715060946e-06,synonymous_variant,p.Ala101Ala
180,179,1,activating transcription factor 3 [Source:HGNC Symbol;Acc:HGNC:785],ENSG00000162772,212620777,212565334,AP-1 transcription factor,ENST00000341491,ATF3-202,8.25245923285e-06,synonymous_variant,p.Thr111Thr
180,179,1,activating transcription factor 3 [Source:HGNC Symbol;Acc:HGNC:785],ENSG00000162772,212620777,212565334,AP-1 transcription factor,ENST00000341491,ATF3-202,8.24103375527e-06,synonymous_variant,p.Ser118Ser
180,179,1,activating transcription factor 3 [Source:HGNC Symbol;Acc:HGNC:785],ENSG00000162772,212620777,212565334,AP-1 transcription factor,ENST00000341491,ATF3-202,8.23872530442e-06,frameshift_variant,p.Val124GlufsTer3
180,179,1,activating transcription factor 3 [Source:HGNC Symbol;Acc:HGNC:785],ENSG00000162772,212620777,212565334,AP-1 transcription factor,ENST00000341491,ATF3-202,0.00257842361935,synonymous_variant,p.Asn125Asn
180,179,1,activating transcription factor 3 [Source:HGNC Symbol;Acc:HGNC:785],ENSG00000162772,212620777,212565334,AP-1 transcription factor,ENST00000341491,ATF3-202,9.88500444825e-05,synonymous_variant,p.Asn137Asn
180,179,1,activating transcription factor 3 [Source:HGNC Symbol;Acc:HGNC:785],ENSG00000162772,212620777,212565334,AP-1 transcription factor,ENST00000341491,ATF3-202,8.23953990409e-06,synonymous_variant,p.Thr152Thr
180,179,1,activating transcription factor 3 [Source:HGNC Symbol;Acc:HGNC:785],ENSG00000162772,212620777,212565334,AP-1 transcription factor,ENST00000341491,ATF3-202,8.26610236741e-06,synonymous_variant,p.Gln172Gln
180,179,1,activating transcription factor 3 [Source:HGNC Symbol;Acc:HGNC:785],ENSG00000162772,212620777,212565334,AP-1 transcription factor,ENST00000341491,ATF3-202,8.36162349282e-06,stop_gained,p.Gln180Ter
150,69,81,activating transcription factor 3 [Source:HGNC Symbol;Acc:HGNC:785],ENSG00000162772,212620777,212565334,,ENST00000341491,ATF3-202,8.24660652142e-06,stop_gained,p.Arg92Ter
150,69,81,activating transcription factor 3 [Source:HGNC Symbol;Acc:HGNC:785],ENSG00000162772,212620777,212565334,,ENST00000341491,ATF3-202,8.24606250515e-06,synonymous_variant,p.Arg93Arg
150,69,81,activating transcription factor 3 [Source:HGNC Symbol;Acc:HGNC:785],ENSG00000162772,212620777,212565334,,ENST00000341491,ATF3-202,8.24715060946e-06,synonymous_variant,p.Ala101Ala
150,69,81,activating transcription factor 3 [Source:HGNC Symbol;Acc:HGNC:785],ENSG00000162772,212620777,212565334,,ENST00000341491,ATF3-202,8.25245923285e-06,synonymous_variant,p.Thr111Thr
150,69,81,activating transcription factor 3 [Source:HGNC Symbol;Acc:HGNC:785],ENSG00000162772,212620777,212565334,,ENST00000341491,ATF3-202,8.24103375527e-06,synonymous_variant,p.Ser118Ser
150,69,81,activating transcription factor 3 [Source:HGNC Symbol;Acc:HGNC:785],ENSG00000162772,212620777,212565334,,ENST00000341491,ATF3-202,8.23872530442e-06,frameshift_variant,p.Val124GlufsTer3
150,69,81,activating transcription factor 3 [Source:HGNC Symbol;Acc:HGNC:785],ENSG00000162772,212620777,212565334,,ENST00000341491,ATF3-202,0.00257842361935,synonymous_variant,p.Asn125Asn
150,69,81,activating transcription factor 3 [Source:HGNC Symbol;Acc:HGNC:785],ENSG00000162772,212620777,212565334,,ENST00000341491,ATF3-202,9.88500444825e-05,synonymous_variant,p.Asn137Asn
142,57,85,activating transcription factor 3 [Source:HGNC Symbol;Acc:HGNC:785],ENSG00000162772,212620777,212565334,Basic-leucine zipper domain,ENST00000341491,ATF3-202,8.24660652142e-06,stop_gained,p.Arg92Ter
142,57,85,activating transcription factor 3 [Source:HGNC Symbol;Acc:HGNC:785],ENSG00000162772,212620777,212565334,Basic-leucine zipper domain,ENST00000341491,ATF3-202,8.24606250515e-06,synonymous_variant,p.Arg93Arg
142,57,85,activating transcription factor 3 [Source:HGNC Symbol;Acc:HGNC:785],ENSG00000162772,212620777,212565334,Basic-leucine zipper domain,ENST00000341491,ATF3-202,8.24715060946e-06,synonymous_variant,p.Ala101Ala
142,57,85,activating transcription factor 3 [Source:HGNC Symbol;Acc:HGNC:785],ENSG00000162772,212620777,212565334,Basic-leucine zipper domain,ENST00000341491,ATF3-202,8.25245923285e-06,synonymous_variant,p.Thr111Thr
142,57,85,activating transcription factor 3 [Source:HGNC Symbol;Acc:HGNC:785],ENSG00000162772,212620777,212565334,Basic-leucine zipper domain,ENST00000341491,ATF3-202,8.24103375527e-06,synonymous_variant,p.Ser118Ser
142,57,85,activating transcription factor 3 [Source:HGNC Symbol;Acc:HGNC:785],ENSG00000162772,212620777,212565334,Basic-leucine zipper domain,ENST00000341491,ATF3-202,8.23872530442e-06,frameshift_variant,p.Val124GlufsTer3
142,57,85,activating transcription factor 3 [Source:HGNC Symbol;Acc:HGNC:785],ENSG00000162772,212620777,212565334,Basic-leucine zipper domain,ENST00000341491,ATF3-202,0.00257842361935,synonymous_variant,p.Asn125Asn
142,57,85,activating transcription factor 3 [Source:HGNC Symbol;Acc:HGNC:785],ENSG00000162772,212620777,212565334,Basic-leucine zipper domain,ENST00000341491,ATF3-202,9.88500444825e-05,synonymous_variant,p.Asn137Asn
145,54,91,activating transcription factor 3 [Source:HGNC Symbol;Acc:HGNC:785],ENSG00000162772,212620777,212565334,,ENST00000341491,ATF3-202,8.24660652142e-06,stop_gained,p.Arg92Ter
145,54,91,activating transcription factor 3 [Source:HGNC Symbol;Acc:HGNC:785],ENSG00000162772,212620777,212565334,,ENST00000341491,ATF3-202,8.24606250515e-06,synonymous_variant,p.Arg93Arg
145,54,91,activating transcription factor 3 [Source:HGNC Symbol;Acc:HGNC:785],ENSG00000162772,212620777,212565334,,ENST00000341491,ATF3-202,8.24715060946e-06,synonymous_variant,p.Ala101Ala
145,54,91,activating transcription factor 3 [Source:HGNC Symbol;Acc:HGNC:785],ENSG00000162772,212620777,212565334,,ENST00000341491,ATF3-202,8.25245923285e-06,synonymous_variant,p.Thr111Thr
145,54,91,activating transcription factor 3 [Source:HGNC Symbol;Acc:HGNC:785],ENSG00000162772,212620777,212565334,,ENST00000341491,ATF3-202,8.24103375527e-06,synonymous_variant,p.Ser118Ser
145,54,91,activating transcription factor 3 [Source:HGNC Symbol;Acc:HGNC:785],ENSG00000162772,212620777,212565334,,ENST00000341491,ATF3-202,8.23872530442e-06,frameshift_variant,p.Val124GlufsTer3
145,54,91,activating transcription factor 3 [Source:HGNC Symbol;Acc:HGNC:785],ENSG00000162772,212620777,212565334,,ENST00000341491,ATF3-202,0.00257842361935,synonymous_variant,p.Asn125Asn
145,54,91,activating transcription factor 3 [Source:HGNC Symbol;Acc:HGNC:785],ENSG00000162772,212620777,212565334,,ENST00000341491,ATF3-202,9.88500444825e-05,synonymous_variant,p.Asn137Asn
146,57,89,activating transcription factor 3 [Source:HGNC Symbol;Acc:HGNC:785],ENSG00000162772,212620777,212565334,,ENST00000341491,ATF3-202,8.24660652142e-06,stop_gained,p.Arg92Ter
146,57,89,activating transcription factor 3 [Source:HGNC Symbol;Acc:HGNC:785],ENSG00000162772,212620777,212565334,,ENST00000341491,ATF3-202,8.24606250515e-06,synonymous_variant,p.Arg93Arg
146,57,89,activating transcription factor 3 [Source:HGNC Symbol;Acc:HGNC:785],ENSG00000162772,212620777,212565334,,ENST00000341491,ATF3-202,8.24715060946e-06,synonymous_variant,p.Ala101Ala
146,57,89,activating transcription factor 3 [Source:HGNC Symbol;Acc:HGNC:785],ENSG00000162772,212620777,212565334,,ENST00000341491,ATF3-202,8.25245923285e-06,synonymous_variant,p.Thr111Thr
146,57,89,activating transcription factor 3 [Source:HGNC Symbol;Acc:HGNC:785],ENSG00000162772,212620777,212565334,,ENST00000341491,ATF3-202,8.24103375527e-06,synonymous_variant,p.Ser118Ser
146,57,89,activating transcription factor 3 [Source:HGNC Symbol;Acc:HGNC:785],ENSG00000162772,212620777,212565334,,ENST00000341491,ATF3-202,8.23872530442e-06,frameshift_variant,p.Val124GlufsTer3
146,57,89,activating transcription factor 3 [Source:HGNC Symbol;Acc:HGNC:785],ENSG00000162772,212620777,212565334,,ENST00000341491,ATF3-202,0.00257842361935,synonymous_variant,p.Asn125Asn
146,57,89,activating transcription factor 3 [Source:HGNC Symbol;Acc:HGNC:785],ENSG00000162772,212620777,212565334,,ENST00000341491,ATF3-202,9.88500444825e-05,synonymous_variant,p.Asn137Asn
20,11,9,activating transcription factor 3 [Source:HGNC Symbol;Acc:HGNC:785],ENSG00000162772,212620777,212565334,,ENST00000341491,ATF3-202,8.23777514169e-06,synonymous_variant,p.Ala11Ala
20,11,9,activating transcription factor 3 [Source:HGNC Symbol;Acc:HGNC:785],ENSG00000162772,212620777,212565334,,ENST00000341491,ATF3-202,2.47137325974e-05,synonymous_variant,p.Ser12Ser
20,11,9,activating transcription factor 3 [Source:HGNC Symbol;Acc:HGNC:785],ENSG00000162772,212620777,212565334,,ENST00000341491,ATF3-202,0.000560104113471,synonymous_variant,p.Val20Val
20,11,9,activating transcription factor 3 [Source:HGNC Symbol;Acc:HGNC:785],ENSG00000162772,212620777,212565334,,ENST00000341491,ATF3-202,8.2368251981e-06,synonymous_variant,p.Val20Val
102,20,82,activating transcription factor 3 [Source:HGNC Symbol;Acc:HGNC:785],ENSG00000162772,212620777,212565334,,ENST00000341491,ATF3-202,8.24660652142e-06,stop_gained,p.Arg92Ter
102,20,82,activating transcription factor 3 [Source:HGNC Symbol;Acc:HGNC:785],ENSG00000162772,212620777,212565334,,ENST00000341491,ATF3-202,8.24606250515e-06,synonymous_variant,p.Arg93Arg
102,20,82,activating transcription factor 3 [Source:HGNC Symbol;Acc:HGNC:785],ENSG00000162772,212620777,212565334,,ENST00000341491,ATF3-202,8.24715060946e-06,synonymous_variant,p.Ala101Ala
148,64,84,activating transcription factor 3 [Source:HGNC Symbol;Acc:HGNC:785],ENSG00000162772,212620777,212565334,Basic-leucine zipper domain,ENST00000341491,ATF3-202,8.24660652142e-06,stop_gained,p.Arg92Ter
148,64,84,activating transcription factor 3 [Source:HGNC Symbol;Acc:HGNC:785],ENSG00000162772,212620777,212565334,Basic-leucine zipper domain,ENST00000341491,ATF3-202,8.24606250515e-06,synonymous_variant,p.Arg93Arg
148,64,84,activating transcription factor 3 [Source:HGNC Symbol;Acc:HGNC:785],ENSG00000162772,212620777,212565334,Basic-leucine zipper domain,ENST00000341491,ATF3-202,8.24715060946e-06,synonymous_variant,p.Ala101Ala
148,64,84,activating transcription factor 3 [Source:HGNC Symbol;Acc:HGNC:785],ENSG00000162772,212620777,212565334,Basic-leucine zipper domain,ENST00000341491,ATF3-202,8.25245923285e-06,synonymous_variant,p.Thr111Thr
148,64,84,activating transcription factor 3 [Source:HGNC Symbol;Acc:HGNC:785],ENSG00000162772,212620777,212565334,Basic-leucine zipper domain,ENST00000341491,ATF3-202,8.24103375527e-06,synonymous_variant,p.Ser118Ser
148,64,84,activating transcription factor 3 [Source:HGNC Symbol;Acc:HGNC:785],ENSG00000162772,212620777,212565334,Basic-leucine zipper domain,ENST00000341491,ATF3-202,8.23872530442e-06,frameshift_variant,p.Val124GlufsTer3
148,64,84,activating transcription factor 3 [Source:HGNC Symbol;Acc:HGNC:785],ENSG00000162772,212620777,212565334,Basic-leucine zipper domain,ENST00000341491,ATF3-202,0.00257842361935,synonymous_variant,p.Asn125Asn
148,64,84,activating transcription factor 3 [Source:HGNC Symbol;Acc:HGNC:785],ENSG00000162772,212620777,212565334,Basic-leucine zipper domain,ENST00000341491,ATF3-202,9.88500444825e-05,synonymous_variant,p.Asn137Asn
135,21,114,activating transcription factor 3 [Source:HGNC Symbol;Acc:HGNC:785],ENSG00000162772,212620777,212565334,AP-1 transcription factor,ENST00000341491,ATF3-202,8.24103375527e-06,synonymous_variant,p.Ser118Ser
135,21,114,activating transcription factor 3 [Source:HGNC Symbol;Acc:HGNC:785],ENSG00000162772,212620777,212565334,AP-1 transcription factor,ENST00000341491,ATF3-202,8.23872530442e-06,frameshift_variant,p.Val124GlufsTer3
135,21,114,activating transcription factor 3 [Source:HGNC Symbol;Acc:HGNC:785],ENSG00000162772,212620777,212565334,AP-1 transcription factor,ENST00000341491,ATF3-202,0.00257842361935,synonymous_variant,p.Asn125Asn
158,23,135,activating transcription factor 3 [Source:HGNC Symbol;Acc:HGNC:785],ENSG00000162772,212620777,212565334,AP-1 transcription factor,ENST00000341491,ATF3-202,9.88500444825e-05,synonymous_variant,p.Asn137Asn
158,23,135,activating transcription factor 3 [Source:HGNC Symbol;Acc:HGNC:785],ENSG00000162772,212620777,212565334,AP-1 transcription factor,ENST00000341491,ATF3-202,8.23953990409e-06,synonymous_variant,p.Thr152Thr
95,16,79,activating transcription factor 3 [Source:HGNC Symbol;Acc:HGNC:785],ENSG00000162772,212620777,212565334,AP-1 transcription factor,ENST00000341491,ATF3-202,8.44067052687e-06,synonymous_variant,p.Ala79Ala
95,16,79,activating transcription factor 3 [Source:HGNC Symbol;Acc:HGNC:785],ENSG00000162772,212620777,212565334,AP-1 transcription factor,ENST00000341491,ATF3-202,8.24660652142e-06,stop_gained,p.Arg92Ter
95,16,79,activating transcription factor 3 [Source:HGNC Symbol;Acc:HGNC:785],ENSG00000162772,212620777,212565334,AP-1 transcription factor,ENST00000341491,ATF3-202,8.24606250515e-06,synonymous_variant,p.Arg93Arg
112,16,96,activating transcription factor 3 [Source:HGNC Symbol;Acc:HGNC:785],ENSG00000162772,212620777,212565334,AP-1 transcription factor,ENST00000341491,ATF3-202,8.24715060946e-06,synonymous_variant,p.Ala101Ala
112,16,96,activating transcription factor 3 [Source:HGNC Symbol;Acc:HGNC:785],ENSG00000162772,212620777,212565334,AP-1 transcription factor,ENST00000341491,ATF3-202,8.25245923285e-06,synonymous_variant,p.Thr111Thr
149,63,86,activating transcription factor 3 [Source:HGNC Symbol;Acc:HGNC:785],ENSG00000162772,212620777,212565334,Basic-leucine zipper domain,ENST00000341491,ATF3-202,8.24660652142e-06,stop_gained,p.Arg92Ter
149,63,86,activating transcription factor 3 [Source:HGNC Symbol;Acc:HGNC:785],ENSG00000162772,212620777,212565334,Basic-leucine zipper domain,ENST00000341491,ATF3-202,8.24606250515e-06,synonymous_variant,p.Arg93Arg
149,63,86,activating transcription factor 3 [Source:HGNC Symbol;Acc:HGNC:785],ENSG00000162772,212620777,212565334,Basic-leucine zipper domain,ENST00000341491,ATF3-202,8.24715060946e-06,synonymous_variant,p.Ala101Ala
149,63,86,activating transcription factor 3 [Source:HGNC Symbol;Acc:HGNC:785],ENSG00000162772,212620777,212565334,Basic-leucine zipper domain,ENST00000341491,ATF3-202,8.25245923285e-06,synonymous_variant,p.Thr111Thr
149,63,86,activating transcription factor 3 [Source:HGNC Symbol;Acc:HGNC:785],ENSG00000162772,212620777,212565334,Basic-leucine zipper domain,ENST00000341491,ATF3-202,8.24103375527e-06,synonymous_variant,p.Ser118Ser
149,63,86,activating transcription factor 3 [Source:HGNC Symbol;Acc:HGNC:785],ENSG00000162772,212620777,212565334,Basic-leucine zipper domain,ENST00000341491,ATF3-202,8.23872530442e-06,frameshift_variant,p.Val124GlufsTer3
149,63,86,activating transcription factor 3 [Source:HGNC Symbol;Acc:HGNC:785],ENSG00000162772,212620777,212565334,Basic-leucine zipper domain,ENST00000341491,ATF3-202,0.00257842361935,synonymous_variant,p.Asn125Asn
149,63,86,activating transcription factor 3 [Source:HGNC Symbol;Acc:HGNC:785],ENSG00000162772,212620777,212565334,Basic-leucine zipper domain,ENST00000341491,ATF3-202,9.88500444825e-05,synonymous_variant,p.Asn137Asn
106,15,91,activating transcription factor 3 [Source:HGNC Symbol;Acc:HGNC:785],ENSG00000162772,212620777,212565334,Basic-leucine zipper domain,ENST00000341491,ATF3-202,8.24660652142e-06,stop_gained,p.Arg92Ter
106,15,91,activating transcription factor 3 [Source:HGNC Symbol;Acc:HGNC:785],ENSG00000162772,212620777,212565334,Basic-leucine zipper domain,ENST00000341491,ATF3-202,8.24606250515e-06,synonymous_variant,p.Arg93Arg
106,15,91,activating transcription factor 3 [Source:HGNC Symbol;Acc:HGNC:785],ENSG00000162772,212620777,212565334,Basic-leucine zipper domain,ENST00000341491,ATF3-202,8.24715060946e-06,synonymous_variant,p.Ala101Ala
